Workbook
Name データリスト: #REF!
Name データリスト: #REF!
Name データリスト: #REF!
Name データリスト: #REF!
Name 懸賞金リスト: #REF!
Name 懸賞金リスト: #REF!
Name 懸賞金リスト: #REF!
Name 懸賞金リスト: #REF!
Name 所属ログ: テーブル7[]

Sheet キャラクターマスタ
A1: 登場キャラID | B1: 名前 | C1: 初登場時の年齢 | D1: 今の年齢 | E1: 初登場巻 | F1: 初登場話 | G1: 誕生日 | H1: 誕生年（海円暦） | I1: 身長 | J1: 船ID | K1: 所属船 | L1: 出身エリア | M1: 場所ID | N1: 出身島・国 | O1: 二つ名 | P1: 実ID | Q1: 悪魔の実 | R1: 勢力ID | S1: 所属 | T1: 役職 | U1: 覇気 | V1: 性別 | W1: 種族 | X1: 階級（社会的） | Y1: 死亡年 | Z1: 死亡年（海円暦） | AA1: 生存ステータス | AB1: 重要度 | AC1: Dフラグ | AD1: 登場日 | AE1: 退場日 | AF1: 武器 | AG1: 血液型 | AH1: 好物 | AI1: 嫌いな食べ物 | AJ1: 趣味 | AK1: イメージ動物 | AL1: 国 | AM1: 職業 | AN1: 花 | AO1: 好きな島 | AP1: その他
A2: C001-01 | B2: モンキー・D・ルフィ | C2: 17 | D2: =IFERROR(キャラマスタ[[#This Row],[初登場時の年齢]]+2,"") -> 19 | E2: 1 | F2: 1 | G2: 44686 | H2: =IFERROR(IF(キャラマスタ[[#This Row],[生存ステータス]]=1,1539-キャラマスタ[[#This Row],[初登場時の年齢]]+キャラマスタ[[#This Row],[死亡年]],1539-キャラマスタ[[#This Row],[初登場時の年齢]]),"") -> 1522 | I2: 172 | J2: S-001 | K2: ゴーイング・メリー号 | L2: 東の海 | M2: L-001 | N2: フーシャ村 | O2: 麦わらのルフィ | Q2: ゴムゴムの実 | R2: G-001 | S2: 麦わらの一味 | T2: 船長 | V2: 男 | W2: 人間 | X2: 海賊 | Z2: =IF(キャラマスタ[[#This Row],[生存ステータス]]=1,1539+キャラマスタ[[#This Row],[死亡年]],"") | AA2: 0 | AB2: A | AC2: 1 | AD2: -3650 | AE2: 9999 | AG2: F | AH2: 肉全般 | AI2: ある店のチェリーパイ（なんとなく） | AK2: サル | AP2: Dの一族／超新星
A3: C001-02 | B3: ゴール・D・ロジャー | C3: 53 | D3: ー | E3: 1 | F3: 1 | G3: 44196 | H3: =IFERROR(IF(キャラマスタ[[#This Row],[生存ステータス]]=1,1539-キャラマスタ[[#This Row],[初登場時の年齢]]+キャラマスタ[[#This Row],[死亡年]],1539-キャラマスタ[[#This Row],[初登場時の年齢]]),"") -> 1464 | I3: 274 | J3: S-002 | K3: オーロ・ジャクソン号 | L3: 東の海 | M3: L-021 | N3: ローグタウン | O3: 海賊王,ゴールド・ロジャー | R3: G-002 | S3: ロジャー海賊団 | T3: 船長 | V3: 男 | W3: 人間 | X3: 海賊 | Y3: -22 | Z3: =IF(キャラマスタ[[#This Row],[生存ステータス]]=1,1539+キャラマスタ[[#This Row],[死亡年]],"") -> 1517 | AA3: 1 | AB3: B | AC3: 1 | AD3: -9125 | AE3: -8000 | AF3: 刀 | AG3: S | AH3: ヒガシザメのステーキ | AI3: 薬 | AK3: クオッカワラビー | AP3: Dの一族
A4: C001-03 | B4: アンジョウ | C4: ー | E4: 1 | F4: 1 | G4: 44562 | H4: =IFERROR(IF(キャラマスタ[[#This Row],[生存ステータス]]=1,1539-キャラマスタ[[#This Row],[初登場時の年齢]]+キャラマスタ[[#This Row],[死亡年]],1539-キャラマスタ[[#This Row],[初登場時の年齢]]),"") | L4: 東の海 | V4: 男 | W4: 人間 | X4: 市民 | Z4: =IF(キャラマスタ[[#This Row],[生存ステータス]]=1,1539+キャラマスタ[[#This Row],[死亡年]],"") | AA4: - | AB4: C | AC4: 0 | AP4: ロジャーの処刑を見に来た海賊マニア
A5: C001-04 | B5: モンスター | C5: ー | D5: =IFERROR(キャラマスタ[[#This Row],[初登場時の年齢]]+2,"") | E5: 1 | F5: 1 | G5: 44865 | H5: =IFERROR(IF(キャラマスタ[[#This Row],[生存ステータス]]=1,1539-キャラマスタ[[#This Row],[初登場時の年齢]]+キャラマスタ[[#This Row],[死亡年]],1539-キャラマスタ[[#This Row],[初登場時の年齢]]),"") | J5: S-003 | K5: レッド・フォース号 | L5: 東の海 | R5: G-003 | S5: 赤髪海賊団 | T5: 音楽家 | V5: - | W5: サル | X5: 海賊 | Z5: =IF(キャラマスタ[[#This Row],[生存ステータス]]=1,1539+キャラマスタ[[#This Row],[死亡年]],"") | AA5: 0 | AB5: B | AC5: 0 | AP5: マキノの酒場に紛れ込んでいたサル
A6: C001-05 | B6: シャンクス | C6: 37 | D6: =IFERROR(キャラマスタ[[#This Row],[初登場時の年齢]]+2,"") -> 39 | E6: 1 | F6: 1 | G6: 43899 | H6: =IFERROR(IF(キャラマスタ[[#This Row],[生存ステータス]]=1,1539-キャラマスタ[[#This Row],[初登場時の年齢]]+キャラマスタ[[#This Row],[死亡年]],1539-キャラマスタ[[#This Row],[初登場時の年齢]]),"") -> 1502 | I6: 199 | J6: S-003 | K6: レッド・フォース号 | L6: 西の海 | O6: 赤髪のシャンクス | R6: G-003 | S6: 赤髪海賊団 | T6: 大頭 | V6: 男 | W6: 人間 | X6: 海賊 | Z6: =IF(キャラマスタ[[#This Row],[生存ステータス]]=1,1539+キャラマスタ[[#This Row],[死亡年]],"") | AA6: 0 | AB6: B | AC6: 0 | AD6: -9125 | AE6: 9999 | AF6: 刀 | AG6: XF | AH6: キムチ炒飯、ロブスター | AI6: ブルーベリー | AJ6: 放浪 | AK6: ライオン
A7: C001-06 | B7: ラッキー・ルウ | C7: 33 | D7: =IFERROR(キャラマスタ[[#This Row],[初登場時の年齢]]+2,"") -> 35 | E7: 1 | F7: 1 | G7: 44018 | H7: =IFERROR(IF(キャラマスタ[[#This Row],[生存ステータス]]=1,1539-キャラマスタ[[#This Row],[初登場時の年齢]]+キャラマスタ[[#This Row],[死亡年]],1539-キャラマスタ[[#This Row],[初登場時の年齢]]),"") -> 1506 | I7: 241 | J7: S-003 | K7: レッド・フォース号 | L7: 南の海 | R7: G-003 | S7: 赤髪海賊団 | T7: コック | V7: 男 | W7: 人間 | X7: 海賊 | Z7: =IF(キャラマスタ[[#This Row],[生存ステータス]]=1,1539+キャラマスタ[[#This Row],[死亡年]],"") | AA7: 0 | AB7: B | AC7: 0 | AD7: -4015 | AE7: 9999 | AG7: F | AH7: 鳥の骨付き肉（ダイエットしているつもり）
A8: C001-07 | B8: ヤソップ | C8: 45 | D8: =IFERROR(キャラマスタ[[#This Row],[初登場時の年齢]]+2,"") -> 47 | E8: 1 | F8: 1 | G8: 44045 | H8: =IFERROR(IF(キャラマスタ[[#This Row],[生存ステータス]]=1,1539-キャラマスタ[[#This Row],[初登場時の年齢]]+キャラマスタ[[#This Row],[死亡年]],1539-キャラマスタ[[#This Row],[初登場時の年齢]]),"") -> 1494 | I8: 183 | J8: S-003 | K8: レッド・フォース号 | L8: 東の海 | M8: L-010 | N8: シロップ村 | O8: 追撃者(チェイサー） | R8: G-003 | S8: 赤髪海賊団 | T8: 狙撃手 | V8: 男 | W8: 人間 | X8: 海賊 | Z8: =IF(キャラマスタ[[#This Row],[生存ステータス]]=1,1539+キャラマスタ[[#This Row],[死亡年]],"") | AA8: 0 | AB8: B | AC8: 0 | AD8: -4380 | AE8: 9999 | AF8: 銃 | AG8: S | AH8: 旬の魚
A9: C001-08 | B9: ベン・ベックマン | C9: 48 | D9: =IFERROR(キャラマスタ[[#This Row],[初登場時の年齢]]+2,"") -> 50 | E9: 1 | F9: 1 | G9: 44144 | H9: =IFERROR(IF(キャラマスタ[[#This Row],[生存ステータス]]=1,1539-キャラマスタ[[#This Row],[初登場時の年齢]]+キャラマスタ[[#This Row],[死亡年]],1539-キャラマスタ[[#This Row],[初登場時の年齢]]),"") -> 1491 | I9: 206 | J9: S-003 | K9: レッド・フォース号 | L9: 北の海 | R9: G-003 | S9: 赤髪海賊団 | T9: 副船長 | V9: 男 | W9: 人間 | X9: 海賊 | Z9: =IF(キャラマスタ[[#This Row],[生存ステータス]]=1,1539+キャラマスタ[[#This Row],[死亡年]],"") | AA9: 0 | AB9: B | AC9: 0 | AD9: -4015 | AE9: 9999 | AF9: 銃 | AG9: X | AH9: かまぼこ
A10: C001-09 | B10: ミキオイトゥー | C10: ー | D10: =IFERROR(キャラマスタ[[#This Row],[初登場時の年齢]]+2,"") | E10: 1 | F10: 1 | G10: 44646 | H10: =IFERROR(IF(キャラマスタ[[#This Row],[生存ステータス]]=1,1539-キャラマスタ[[#This Row],[初登場時の年齢]]+キャラマスタ[[#This Row],[死亡年]],1539-キャラマスタ[[#This Row],[初登場時の年齢]]),"") | L10: 東の海 | V10: 男 | W10: 人間 | X10: - | Z10: =IF(キャラマスタ[[#This Row],[生存ステータス]]=1,1539+キャラマスタ[[#This Row],[死亡年]],"") | AA10: - | AB10: C | AC10: 0
A11: C001-10 | B11: マキノ | C11: 29 | D11: =IFERROR(キャラマスタ[[#This Row],[初登場時の年齢]]+2,"") -> 31 | E11: 1 | F11: 1 | G11: 43884 | H11: =IFERROR(IF(キャラマスタ[[#This Row],[生存ステータス]]=1,1539-キャラマスタ[[#This Row],[初登場時の年齢]]+キャラマスタ[[#This Row],[死亡年]],1539-キャラマスタ[[#This Row],[初登場時の年齢]]),"") -> 1510 | I11: 166 | L11: 東の海 | M11: L-001 | N11: フーシャ村 | S11: PARTYS BAR | T11: 店主 | V11: 女 | W11: 人間 | X11: 市民 | Z11: =IF(キャラマスタ[[#This Row],[生存ステータス]]=1,1539+キャラマスタ[[#This Row],[死亡年]],"") | AA11: 0 | AB11: B | AC11: 0 | AG11: S | AH11: ジュースとケーキ（子供と一緒に楽しめるもの）
A12: C001-11 | B12: ヒグマ | C12: 46 | D12: ー | E12: 1 | F12: 1 | G12: 44153 | H12: =IFERROR(IF(キャラマスタ[[#This Row],[生存ステータス]]=1,1539-キャラマスタ[[#This Row],[初登場時の年齢]]+キャラマスタ[[#This Row],[死亡年]],1539-キャラマスタ[[#This Row],[初登場時の年齢]]),"") -> 1483 | I12: 190 | L12: 東の海 | R12: G-004 | S12: ヒグマ山賊団 | T12: 棟梁 | V12: 男 | W12: 人間 | X12: 山賊 | Y12: -10 | Z12: =IF(キャラマスタ[[#This Row],[生存ステータス]]=1,1539+キャラマスタ[[#This Row],[死亡年]],"") -> 1529 | AA12: 1 | AB12: B | AC12: 0 | AD12: -3650 | AE12: -3640 | AF12: 刀 | AG12: X | AH12: 酒、山菜、熊肉 | AP12: 56人を殺した
A13: C001-12 | B13: ギョルさん | C13: ー | D13: =IFERROR(キャラマスタ[[#This Row],[初登場時の年齢]]+2,"") | E13: 1 | F13: 1 | G13: 44627 | H13: =IFERROR(IF(キャラマスタ[[#This Row],[生存ステータス]]=1,1539-キャラマスタ[[#This Row],[初登場時の年齢]]+キャラマスタ[[#This Row],[死亡年]],1539-キャラマスタ[[#This Row],[初登場時の年齢]]),"") | L13: 東の海 | M13: L-001 | N13: フーシャ村 | S13: フーシャ村 | T13: 魚屋 | V13: 男 | W13: 人間 | X13: 市民 | Z13: =IF(キャラマスタ[[#This Row],[生存ステータス]]=1,1539+キャラマスタ[[#This Row],[死亡年]],"") | AA13: - | AB13: C | AC13: 0
A14: C001-13 | B14: チキンおばさん | C14: ー | D14: =IFERROR(キャラマスタ[[#This Row],[初登場時の年齢]]+2,"") | E14: 1 | F14: 1 | G14: 44600 | H14: =IFERROR(IF(キャラマスタ[[#This Row],[生存ステータス]]=1,1539-キャラマスタ[[#This Row],[初登場時の年齢]]+キャラマスタ[[#This Row],[死亡年]],1539-キャラマスタ[[#This Row],[初登場時の年齢]]),"") | I14: ー | L14: 東の海 | M14: L-001 | N14: フーシャ村 | S14: フーシャ村 | T14: 魚屋 | V14: 女 | W14: 人間 | X14: 市民 | Z14: =IF(キャラマスタ[[#This Row],[生存ステータス]]=1,1539+キャラマスタ[[#This Row],[死亡年]],"") | AA14: - | AB14: C | AC14: 0 | AP14: ギョルさんのパートナー
A15: C001-14 | B15: ウープ・スラップ | C15: ー | D15: =IFERROR(キャラマスタ[[#This Row],[初登場時の年齢]]+2,"") | E15: 1 | F15: 1 | G15: 44620 | H15: =IFERROR(IF(キャラマスタ[[#This Row],[生存ステータス]]=1,1539-キャラマスタ[[#This Row],[初登場時の年齢]]+キャラマスタ[[#This Row],[死亡年]],1539-キャラマスタ[[#This Row],[初登場時の年齢]]),"") | L15: 東の海 | M15: L-001 | N15: フーシャ村 | S15: フーシャ村 | T15: 村長 | V15: 男 | W15: 人間 | X15: 市民 | Z15: =IF(キャラマスタ[[#This Row],[生存ステータス]]=1,1539+キャラマスタ[[#This Row],[死亡年]],"") | AA15: 0 | AB15: B | AC15: 0
A16: C001-15 | B16: 近海の主 | C16: ー | D16: =IFERROR(キャラマスタ[[#This Row],[初登場時の年齢]]+2,"") | E16: 1 | F16: 1 | G16: 44818 | H16: =IFERROR(IF(キャラマスタ[[#This Row],[生存ステータス]]=1,1539-キャラマスタ[[#This Row],[初登場時の年齢]]+キャラマスタ[[#This Row],[死亡年]],1539-キャラマスタ[[#This Row],[初登場時の年齢]]),"") | L16: 東の海 | V16: - | W16: 海王類 | X16: - | Z16: =IF(キャラマスタ[[#This Row],[生存ステータス]]=1,1539+キャラマスタ[[#This Row],[死亡年]],"") | AA16: 2 | AB16: B | AC16: 0 | AD16: -3645 | AE16: 1
A17: C001-16 | B17: コビー | C17: 16 | D17: =IFERROR(キャラマスタ[[#This Row],[初登場時の年齢]]+2,"") -> 18 | E17: 1 | F17: 2 | G17: 43964 | H17: =IFERROR(IF(キャラマスタ[[#This Row],[生存ステータス]]=1,1539-キャラマスタ[[#This Row],[初登場時の年齢]]+キャラマスタ[[#This Row],[死亡年]],1539-キャラマスタ[[#This Row],[初登場時の年齢]]),"") -> 1523 | I17: 167 | L17: 東の海 | R17: G-006 | S17: 海軍 | T17: 見習い | V17: 男 | W17: 人間 | X17: 海兵 | Z17: =IF(キャラマスタ[[#This Row],[生存ステータス]]=1,1539+キャラマスタ[[#This Row],[死亡年]],"") | AA17: 0 | AB17: B | AC17: 0 | AD17: -730 | AE17: 9999 | AG17: F | AH17: リカが作ったおにぎり、ジャガバター | AI17: ブラックコーヒー | AJ17: 海釣り | AK17: イルカ | AP17: アルビダの船で雑用２年
A18: C001-17 | B18: アルビダ | C18: 25 | D18: =IFERROR(キャラマスタ[[#This Row],[初登場時の年齢]]+2,"") -> 27 | E18: 1 | F18: 2 | G18: 43904 | H18: =IFERROR(IF(キャラマスタ[[#This Row],[生存ステータス]]=1,1539-キャラマスタ[[#This Row],[初登場時の年齢]]+キャラマスタ[[#This Row],[死亡年]],1539-キャラマスタ[[#This Row],[初登場時の年齢]]),"") -> 1514 | I18: 198 | J18: S-004 | K18: Missラブ・ダック号 | L18: 東の海 | O18: 金棒のアルビダ | P18: F-003 | Q18: スベスベの実 | R18: G-005 | S18: アルビダ海賊団 | T18: 船長 | V18: 女 | W18: 人間 | X18: 海賊 | Z18: =IF(キャラマスタ[[#This Row],[生存ステータス]]=1,1539+キャラマスタ[[#This Row],[死亡年]],"") | AA18: 0 | AB18: B | AC18: 0 | AD18: 1.3 | AE18: 9999 | AF18: 金棒 | AG18: S | AH18: 美肌効果のあるベリーやベリー酒
A19: C001-18 | B19: ヘッポコ | C19: ー | D19: =IFERROR(キャラマスタ[[#This Row],[初登場時の年齢]]+2,"") | E19: 1 | F19: 2 | G19: 44806 | H19: =IFERROR(IF(キャラマスタ[[#This Row],[生存ステータス]]=1,1539-キャラマスタ[[#This Row],[初登場時の年齢]]+キャラマスタ[[#This Row],[死亡年]],1539-キャラマスタ[[#This Row],[初登場時の年齢]]),"") | L19: 東の海 | R19: G-005 | S19: アルビダ海賊団 | T19: 下っ端 | V19: 男 | W19: 人間 | X19: 海賊 | Z19: =IF(キャラマスタ[[#This Row],[生存ステータス]]=1,1539+キャラマスタ[[#This Row],[死亡年]],"") | AA19: - | AB19: C | AC19: 0
A20: C001-19 | B20: ペッポコ | C20: ー | D20: =IFERROR(キャラマスタ[[#This Row],[初登場時の年齢]]+2,"") | E20: 1 | F20: 2 | G20: 44806 | H20: =IFERROR(IF(キャラマスタ[[#This Row],[生存ステータス]]=1,1539-キャラマスタ[[#This Row],[初登場時の年齢]]+キャラマスタ[[#This Row],[死亡年]],1539-キャラマスタ[[#This Row],[初登場時の年齢]]),"") | L20: 東の海 | R20: G-005 | S20: アルビダ海賊団 | T20: 下っ端 | V20: 男 | W20: 人間 | X20: 海賊 | Z20: =IF(キャラマスタ[[#This Row],[生存ステータス]]=1,1539+キャラマスタ[[#This Row],[死亡年]],"") | AA20: - | AB20: C | AC20: 0
A21: C001-20 | B21: ポッポコ | C21: ー | D21: =IFERROR(キャラマスタ[[#This Row],[初登場時の年齢]]+2,"") | E21: 1 | F21: 2 | G21: 44806 | H21: =IFERROR(IF(キャラマスタ[[#This Row],[生存ステータス]]=1,1539-キャラマスタ[[#This Row],[初登場時の年齢]]+キャラマスタ[[#This Row],[死亡年]],1539-キャラマスタ[[#This Row],[初登場時の年齢]]),"") | L21: 東の海 | R21: G-005 | S21: アルビダ海賊団 | T21: 下っ端 | V21: 男 | W21: 人間 | X21: 海賊 | Z21: =IF(キャラマスタ[[#This Row],[生存ステータス]]=1,1539+キャラマスタ[[#This Row],[死亡年]],"") | AA21: - | AB21: C | AC21: 0
A22: C001-21 | B22: ロロノア・ゾロ | C22: 19 | D22: =IFERROR(キャラマスタ[[#This Row],[初登場時の年齢]]+2,"") -> 21 | E22: 1 | F22: 3 | G22: 44146 | H22: =IFERROR(IF(キャラマスタ[[#This Row],[生存ステータス]]=1,1539-キャラマスタ[[#This Row],[初登場時の年齢]]+キャラマスタ[[#This Row],[死亡年]],1539-キャラマスタ[[#This Row],[初登場時の年齢]]),"") -> 1520 | I22: 178 | J22: S-001 | K22: ゴーイング・メリー号 | L22: 東の海 | M22: L-005 | N22: シモツキ村 | O22: 海賊狩りのゾロ | R22: G-001 | S22: 麦わらの一味 | T22: 戦闘員 | V22: 男 | W22: 人間 | X22: 海賊 | Z22: =IF(キャラマスタ[[#This Row],[生存ステータス]]=1,1539+キャラマスタ[[#This Row],[死亡年]],"") | AA22: 0 | AB22: A | AC22: 0 | AD22: -4000 | AE22: 9999 | AF22: 刀 | AG22: XF | AH22: 白米、海獣の肉、酒に合う物 | AK22: サメ | AP22: 超新星
A23: C001-22 | B23: リカ | C23: ー | D23: =IFERROR(キャラマスタ[[#This Row],[初登場時の年齢]]+2,"") | E23: 1 | F23: 3 | G23: 44730 | H23: =IFERROR(IF(キャラマスタ[[#This Row],[生存ステータス]]=1,1539-キャラマスタ[[#This Row],[初登場時の年齢]]+キャラマスタ[[#This Row],[死亡年]],1539-キャラマスタ[[#This Row],[初登場時の年齢]]),"") | L23: 東の海 | M23: L-004 | N23: シェルズタウン | V23: 女 | W23: 人間 | X23: 市民 | Z23: =IF(キャラマスタ[[#This Row],[生存ステータス]]=1,1539+キャラマスタ[[#This Row],[死亡年]],"") | AA23: 0 | AB23: C | AC23: 0 | AP23: ゾロにおにぎりをあげた女の子
A24: C001-23 | B24: ヘルメッポ | C24: 20 | D24: =IFERROR(キャラマスタ[[#This Row],[初登場時の年齢]]+2,"") -> 22 | E24: 1 | F24: 3 | G24: 44028 | H24: =IFERROR(IF(キャラマスタ[[#This Row],[生存ステータス]]=1,1539-キャラマスタ[[#This Row],[初登場時の年齢]]+キャラマスタ[[#This Row],[死亡年]],1539-キャラマスタ[[#This Row],[初登場時の年齢]]),"") -> 1519 | I24: 179 | L24: 東の海 | M24: L-004 | N24: シェルズタウン | R24: G-006 | S24: 海軍 | T24: 見習い | V24: 男 | W24: 人間 | X24: 海兵 | Z24: =IF(キャラマスタ[[#This Row],[生存ステータス]]=1,1539+キャラマスタ[[#This Row],[死亡年]],"") | AA24: 0 | AB24: B | AC24: 0 | AD24: 1.5 | AE24: 9999 | AG24: S | AH24: 豪華なステーキ、キャビア
A25: C001-24 | B25: ソーロ | C25: ー | D25: =IFERROR(キャラマスタ[[#This Row],[初登場時の年齢]]+2,"") | E25: 1 | F25: 3 | G25: 44876 | H25: =IFERROR(IF(キャラマスタ[[#This Row],[生存ステータス]]=1,1539-キャラマスタ[[#This Row],[初登場時の年齢]]+キャラマスタ[[#This Row],[死亡年]],1539-キャラマスタ[[#This Row],[初登場時の年齢]]),"") | L25: 東の海 | S25: ヘルメッポの飼い狼 | V25: - | W25: 狼 | X25: - | Z25: =IF(キャラマスタ[[#This Row],[生存ステータス]]=1,1539+キャラマスタ[[#This Row],[死亡年]],"") | AA25: - | AB25: C | AC25: 0
A26: C001-25 | B26: リリカ | C26: ー | D26: =IFERROR(キャラマスタ[[#This Row],[初登場時の年齢]]+2,"") | E26: 1 | F26: 4 | G26: 44880 | H26: =IFERROR(IF(キャラマスタ[[#This Row],[生存ステータス]]=1,1539-キャラマスタ[[#This Row],[初登場時の年齢]]+キャラマスタ[[#This Row],[死亡年]],1539-キャラマスタ[[#This Row],[初登場時の年齢]]),"") | L26: 東の海 | M26: L-004 | N26: シェルズタウン | V26: 女 | W26: 人間 | X26: 市民 | Z26: =IF(キャラマスタ[[#This Row],[生存ステータス]]=1,1539+キャラマスタ[[#This Row],[死亡年]],"") | AA26: - | AB26: C | AC26: 0 | AP26: リカの母親
A27: C001-26 | B27: モーガン | C27: 42 | D27: ー | E27: 1 | F27: 4 | G27: 43934 | H27: =IFERROR(IF(キャラマスタ[[#This Row],[生存ステータス]]=1,1539-キャラマスタ[[#This Row],[初登場時の年齢]]+キャラマスタ[[#This Row],[死亡年]],1539-キャラマスタ[[#This Row],[初登場時の年齢]]),"") -> 1497 | I27: 285 | L27: 東の海 | M27: L-004 | N27: シェルズタウン | O27: 斧手のモーガン | R27: G-006 | S27: 元海軍第153支部 | T27: 大佐 | V27: 男 | W27: 人間 | X27: 元海兵 | Z27: =IF(キャラマスタ[[#This Row],[生存ステータス]]=1,1539+キャラマスタ[[#This Row],[死亡年]],"") | AA27: 0 | AB27: B | AC27: 0 | AD27: 1.5 | AE27: 9999 | AF27: 斧手 | AG27: XF | AH27: 高級な料理 | AP27: 現在消息不明
A28: C001-27 | B28: ロッカク中尉 | C28: ー | D28: =IFERROR(キャラマスタ[[#This Row],[初登場時の年齢]]+2,"") | E28: 1 | F28: 4 | G28: 44731 | H28: =IFERROR(IF(キャラマスタ[[#This Row],[生存ステータス]]=1,1539-キャラマスタ[[#This Row],[初登場時の年齢]]+キャラマスタ[[#This Row],[死亡年]],1539-キャラマスタ[[#This Row],[初登場時の年齢]]),"") | L28: 東の海 | R28: G-006 | S28: 海軍第153支部 | T28: 中尉 | V28: 男 | W28: 人間 | X28: 海兵 | Z28: =IF(キャラマスタ[[#This Row],[生存ステータス]]=1,1539+キャラマスタ[[#This Row],[死亡年]],"") | AA28: - | AB28: C | AC28: 0 | AP28: モーガンに斬られる
A29: C001-28 | B29: ウッカリー三等兵 | C29: ー | D29: =IFERROR(キャラマスタ[[#This Row],[初登場時の年齢]]+2,"") | E29: 1 | F29: 4 | G29: 44609 | H29: =IFERROR(IF(キャラマスタ[[#This Row],[生存ステータス]]=1,1539-キャラマスタ[[#This Row],[初登場時の年齢]]+キャラマスタ[[#This Row],[死亡年]],1539-キャラマスタ[[#This Row],[初登場時の年齢]]),"") | L29: 東の海 | R29: G-006 | S29: 海軍第153支部 | T29: 三等兵 | V29: 男 | W29: 人間 | X29: 海兵 | Z29: =IF(キャラマスタ[[#This Row],[生存ステータス]]=1,1539+キャラマスタ[[#This Row],[死亡年]],"") | AA29: - | AB29: C | AC29: 0 | AP29: モーガン像の腕をうっかりぶつける
A30: C001-29 | B30: くいな | C30: 11 | D30: ー | E30: 1 | F30: 5 | G30: 44091 | H30: =IFERROR(IF(キャラマスタ[[#This Row],[生存ステータス]]=1,1539-キャラマスタ[[#This Row],[初登場時の年齢]]+キャラマスタ[[#This Row],[死亡年]],1539-キャラマスタ[[#This Row],[初登場時の年齢]]),"") -> 1517 | I30: 150 | L30: 東の海 | M30: L-005 | N30: シモツキ村 | S30: 一心道場 | T30: 門下生 | V30: 女 | W30: 人間 | X30: 市民 | Y30: -11 | Z30: =IF(キャラマスタ[[#This Row],[生存ステータス]]=1,1539+キャラマスタ[[#This Row],[死亡年]],"") -> 1528 | AA30: 1 | AB30: B | AC30: 0 | AD30: -4000 | AE30: -3950 | AG30: S | AH30: 牛乳、卵焼き | AP30: ゾロとの対戦成績：2001勝0敗、霜月くいな
A31: C001-30 | B31: コウシロウ | C31: 49 | D31: =IFERROR(キャラマスタ[[#This Row],[初登場時の年齢]]+2,"") -> 51 | E31: 1 | F31: 5 | G31: 43955 | H31: =IFERROR(IF(キャラマスタ[[#This Row],[生存ステータス]]=1,1539-キャラマスタ[[#This Row],[初登場時の年齢]]+キャラマスタ[[#This Row],[死亡年]],1539-キャラマスタ[[#This Row],[初登場時の年齢]]),"") -> 1490 | I31: 184 | L31: 東の海 | S31: 一心道場 | T31: 師範 | V31: 男 | W31: 人間 | X31: 市民 | Z31: =IF(キャラマスタ[[#This Row],[生存ステータス]]=1,1539+キャラマスタ[[#This Row],[死亡年]],"") | AA31: 0 | AB31: B | AC31: 0 | AG31: S | AH31: 道場の縁側で食べるスイカ | AP31: 霜月コウシロウ
A32: C001-31 | B32: リッパー中佐 | C32: ー | D32: =IFERROR(キャラマスタ[[#This Row],[初登場時の年齢]]+2,"") | E32: 1 | F32: 7 | G32: 44725 | H32: =IFERROR(IF(キャラマスタ[[#This Row],[生存ステータス]]=1,1539-キャラマスタ[[#This Row],[初登場時の年齢]]+キャラマスタ[[#This Row],[死亡年]],1539-キャラマスタ[[#This Row],[初登場時の年齢]]),"") | L32: 東の海 | R32: G-006 | S32: 海軍第153支部 | T32: 中佐 | V32: 男 | W32: 人間 | X32: 海兵 | Z32: =IF(キャラマスタ[[#This Row],[生存ステータス]]=1,1539+キャラマスタ[[#This Row],[死亡年]],"") | AA32: - | AB32: C | AC32: 0 | AP32: モーガンの後釜
A33: C001-32 | B33: 怪鳥ピンキー | C33: ー | D33: =IFERROR(キャラマスタ[[#This Row],[初登場時の年齢]]+2,"") | E33: 1 | F33: 8 | G33: 44833 | H33: =IFERROR(IF(キャラマスタ[[#This Row],[生存ステータス]]=1,1539-キャラマスタ[[#This Row],[初登場時の年齢]]+キャラマスタ[[#This Row],[死亡年]],1539-キャラマスタ[[#This Row],[初登場時の年齢]]),"") | L33: 東の海 | S33: 鳥 | V33: - | W33: 鳥 | X33: - | Z33: =IF(キャラマスタ[[#This Row],[生存ステータス]]=1,1539+キャラマスタ[[#This Row],[死亡年]],"") | AA33: - | AB33: C | AC33: 0 | AP33: ルフィをオレンジの町まで運ぶ
A34: C001-33 | B34: 綱渡りフナンボローズ | C34: ー | D34: =IFERROR(キャラマスタ[[#This Row],[初登場時の年齢]]+2,"") | E34: 1 | F34: 8 | G34: 44617 | H34: =IFERROR(IF(キャラマスタ[[#This Row],[生存ステータス]]=1,1539-キャラマスタ[[#This Row],[初登場時の年齢]]+キャラマスタ[[#This Row],[死亡年]],1539-キャラマスタ[[#This Row],[初登場時の年齢]]),"") | L34: 東の海 | R34: G-009 | S34: バギー海賊団 | V34: 男 | W34: 人間 | X34: 海賊 | Z34: =IF(キャラマスタ[[#This Row],[生存ステータス]]=1,1539+キャラマスタ[[#This Row],[死亡年]],"") | AA34: - | AB34: C | AC34: 0 | AP34: 難破を装いゾロを襲撃した三人組
A35: C001-34 | B35: ナミ | C35: 18 | D35: =IFERROR(キャラマスタ[[#This Row],[初登場時の年齢]]+2,"") -> 20 | E35: 1 | F35: 8 | G35: 44745 | H35: =IFERROR(IF(キャラマスタ[[#This Row],[生存ステータス]]=1,1539-キャラマスタ[[#This Row],[初登場時の年齢]]+キャラマスタ[[#This Row],[死亡年]],1539-キャラマスタ[[#This Row],[初登場時の年齢]]),"") -> 1521 | I35: 169 | J35: S-001 | K35: ゴーイング・メリー号 | L35: 東の海 | M35: L-017 | N35: ココヤシ村 | R35: G-001 | S35: 麦わらの一味 | T35: 航海士 | V35: 女 | W35: 人間 | X35: 泥棒 | Z35: =IF(キャラマスタ[[#This Row],[生存ステータス]]=1,1539+キャラマスタ[[#This Row],[死亡年]],"") | AA35: 0 | AB35: A | AC35: 0 | AD35: -2920 | AE35: 9999 | AF35: 棒 | AG35: X | AH35: みかん、フルーツ全般 | AI35: オランジェット（フルーツはそのまま食べたい） | AK35: ネコ | AP35: 86/57/86(東の海)95/55/85、東の海オイコット王国で拾われる
A36: C001-35 | B36: 怪力ドミンゴス | C36: ー | D36: =IFERROR(キャラマスタ[[#This Row],[初登場時の年齢]]+2,"") | E36: 1 | F36: 8 | G36: 44611 | H36: =IFERROR(IF(キャラマスタ[[#This Row],[生存ステータス]]=1,1539-キャラマスタ[[#This Row],[初登場時の年齢]]+キャラマスタ[[#This Row],[死亡年]],1539-キャラマスタ[[#This Row],[初登場時の年齢]]),"") | L36: 東の海 | R36: G-009 | S36: バギー海賊団 | V36: 男 | W36: 人間 | X36: 海賊 | Z36: =IF(キャラマスタ[[#This Row],[生存ステータス]]=1,1539+キャラマスタ[[#This Row],[死亡年]],"") | AA36: - | AB36: C | AC36: 0 | AP36: 海図を盗んだナミを追いかけていた三人組
A37: C002-01 | B37: バギー | C37: 37 | D37: =IFERROR(キャラマスタ[[#This Row],[初登場時の年齢]]+2,"") -> 39 | E37: 2 | F37: 9 | G37: 44051 | H37: =IFERROR(IF(キャラマスタ[[#This Row],[生存ステータス]]=1,1539-キャラマスタ[[#This Row],[初登場時の年齢]]+キャラマスタ[[#This Row],[死亡年]],1539-キャラマスタ[[#This Row],[初登場時の年齢]]),"") -> 1502 | I37: 192 | J37: S-005 | K37: ビッグトップ号 | L37: 偉大なる航路 | O37: 道化のバギー | P37: F-002 | Q37: バラバラの実 | R37: G-009 | S37: バギー海賊団 | T37: 船長 | V37: 男 | W37: 人間 | X37: 海賊 | Z37: =IF(キャラマスタ[[#This Row],[生存ステータス]]=1,1539+キャラマスタ[[#This Row],[死亡年]],"") | AA37: 0 | AB37: B | AC37: 0 | AD37: -9125 | AE37: 9999 | AG37: F | AH37: ホットドック | AI37: トマト | AJ37: 宝の地図集め | AK37: パンダ | AM37: 下町の工場長 | AN37: オダマキ | AO37: 夏島の冬 | AP37: 元ロジャー海賊団見習い/元王下七武海/四皇
A38: C002-02 | B38: どーも君 | C38: ー | D38: =IFERROR(キャラマスタ[[#This Row],[初登場時の年齢]]+2,"") | E38: 2 | F38: 9 | G38: 44591 | H38: =IFERROR(IF(キャラマスタ[[#This Row],[生存ステータス]]=1,1539-キャラマスタ[[#This Row],[初登場時の年齢]]+キャラマスタ[[#This Row],[死亡年]],1539-キャラマスタ[[#This Row],[初登場時の年齢]]),"") | S38: 宇宙人 | V38: - | W38: 宇宙人 | X38: - | Z38: =IF(キャラマスタ[[#This Row],[生存ステータス]]=1,1539+キャラマスタ[[#This Row],[死亡年]],"") | AA38: - | AB38: C | AC38: 0 | AP38: ンーケ君という仲間がいる
A39: C002-03 | B39: 軽業フワーズ | C39: ー | D39: =IFERROR(キャラマスタ[[#This Row],[初登場時の年齢]]+2,"") | E39: 2 | F39: 10 | G39: 44755 | H39: =IFERROR(IF(キャラマスタ[[#This Row],[生存ステータス]]=1,1539-キャラマスタ[[#This Row],[初登場時の年齢]]+キャラマスタ[[#This Row],[死亡年]],1539-キャラマスタ[[#This Row],[初登場時の年齢]]),"") | L39: 東の海 | R39: G-009 | S39: バギー海賊団 | V39: 男 | W39: 人間 | X39: 海賊 | Z39: =IF(キャラマスタ[[#This Row],[生存ステータス]]=1,1539+キャラマスタ[[#This Row],[死亡年]],"") | AA39: - | AB39: C | AC39: 0 | AP39: 軽やかにナミを襲った四人組
A40: C002-04 | B40: モージ | C40: 27 | D40: =IFERROR(キャラマスタ[[#This Row],[初登場時の年齢]]+2,"") -> 29 | E40: 2 | F40: 12 | G40: 44105 | H40: =IFERROR(IF(キャラマスタ[[#This Row],[生存ステータス]]=1,1539-キャラマスタ[[#This Row],[初登場時の年齢]]+キャラマスタ[[#This Row],[死亡年]],1539-キャラマスタ[[#This Row],[初登場時の年齢]]),"") -> 1512 | I40: 197 | J40: S-005 | K40: ビッグトップ号 | L40: 東の海 | O40: 猛獣使いのモージ | R40: G-009 | S40: バギー海賊団 | T40: 副船長 | V40: 男 | W40: 人間 | X40: 海賊 | Z40: =IF(キャラマスタ[[#This Row],[生存ステータス]]=1,1539+キャラマスタ[[#This Row],[死亡年]],"") | AA40: 0 | AB40: B | AC40: 0 | AD40: 1.8 | AE40: 9999 | AG40: S | AH40: つけもの
A41: C002-05 | B41: リッチー | C41: ー | D41: =IFERROR(キャラマスタ[[#This Row],[初登場時の年齢]]+2,"") | E41: 2 | F41: 12 | G41: 44765 | H41: =IFERROR(IF(キャラマスタ[[#This Row],[生存ステータス]]=1,1539-キャラマスタ[[#This Row],[初登場時の年齢]]+キャラマスタ[[#This Row],[死亡年]],1539-キャラマスタ[[#This Row],[初登場時の年齢]]),"") | J41: S-005 | K41: ビッグトップ号 | L41: 東の海 | V41: - | W41: ライオン | X41: 海賊 | Z41: =IF(キャラマスタ[[#This Row],[生存ステータス]]=1,1539+キャラマスタ[[#This Row],[死亡年]],"") | AA41: 0 | AB41: B | AC41: 0 | AH41: 肉
A42: C002-06 | B42: シュシュ | C42: 12 | D42: =IFERROR(キャラマスタ[[#This Row],[初登場時の年齢]]+2,"") -> 14 | E42: 2 | F42: 12 | G42: 44887 | H42: =IFERROR(IF(キャラマスタ[[#This Row],[生存ステータス]]=1,1539-キャラマスタ[[#This Row],[初登場時の年齢]]+キャラマスタ[[#This Row],[死亡年]],1539-キャラマスタ[[#This Row],[初登場時の年齢]]),"") -> 1527 | I42: 40 | L42: 東の海 | M42: L-006 | N42: オレンジの町 | S42: オレンジの町 | T42: 店番 | V42: - | W42: 犬 | X42: - | Z42: =IF(キャラマスタ[[#This Row],[生存ステータス]]=1,1539+キャラマスタ[[#This Row],[死亡年]],"") | AA42: 0 | AB42: B | AC42: 0 | AD42: -3640 | AE42: 11.5 | AH42: ドッグフード | AP42: 犬（人間で言うと78歳）
A43: C002-07 | B43: ブードル | C43: 73 | D43: =IFERROR(キャラマスタ[[#This Row],[初登場時の年齢]]+2,"") -> 75 | E43: 2 | F43: 12 | G43: 43846 | H43: =IFERROR(IF(キャラマスタ[[#This Row],[生存ステータス]]=1,1539-キャラマスタ[[#This Row],[初登場時の年齢]]+キャラマスタ[[#This Row],[死亡年]],1539-キャラマスタ[[#This Row],[初登場時の年齢]]),"") -> 1466 | I43: 172 | L43: 東の海 | M43: L-006 | N43: オレンジの町 | S43: オレンジの町 | T43: 町長 | V43: 男 | W43: 人間 | X43: 市民 | Z43: =IF(キャラマスタ[[#This Row],[生存ステータス]]=1,1539+キャラマスタ[[#This Row],[死亡年]],"") | AA43: 0 | AB43: B | AC43: 0 | AD43: -14600 | AE43: 11.5 | AG43: F | AH43: サーモン
A44: C002-08 | B44: ホッカー | C44: ー | D44: =IFERROR(キャラマスタ[[#This Row],[初登場時の年齢]]+2,"") | E44: 2 | F44: 12 | G44: 44698 | H44: =IFERROR(IF(キャラマスタ[[#This Row],[生存ステータス]]=1,1539-キャラマスタ[[#This Row],[初登場時の年齢]]+キャラマスタ[[#This Row],[死亡年]],1539-キャラマスタ[[#This Row],[初登場時の年齢]]),"") | L44: 東の海 | M44: L-006 | N44: オレンジの町 | S44: ペットフード店 | T44: 店長 | V44: 男 | W44: 人間 | X44: 市民 | Z44: =IF(キャラマスタ[[#This Row],[生存ステータス]]=1,1539+キャラマスタ[[#This Row],[死亡年]],"") | AA44: - | AB44: C | AC44: 0
A45: C002-09 | B45: ポロ | C45: ー | D45: =IFERROR(キャラマスタ[[#This Row],[初登場時の年齢]]+2,"") | E45: 2 | F45: 14 | G45: 44692 | H45: =IFERROR(IF(キャラマスタ[[#This Row],[生存ステータス]]=1,1539-キャラマスタ[[#This Row],[初登場時の年齢]]+キャラマスタ[[#This Row],[死亡年]],1539-キャラマスタ[[#This Row],[初登場時の年齢]]),"") | L45: 東の海 | M45: L-006 | N45: オレンジの町 | S45: 本屋 | V45: 男 | W45: 人間 | X45: 市民 | Z45: =IF(キャラマスタ[[#This Row],[生存ステータス]]=1,1539+キャラマスタ[[#This Row],[死亡年]],"") | AA45: - | AB45: C | AC45: 0 | AP45: 避難所にいて町民の統率をとっていた人
A46: C002-10 | B46: カバジ | C46: 32 | D46: =IFERROR(キャラマスタ[[#This Row],[初登場時の年齢]]+2,"") -> 34 | E46: 2 | F46: 15 | G46: 44082 | H46: =IFERROR(IF(キャラマスタ[[#This Row],[生存ステータス]]=1,1539-キャラマスタ[[#This Row],[初登場時の年齢]]+キャラマスタ[[#This Row],[死亡年]],1539-キャラマスタ[[#This Row],[初登場時の年齢]]),"") -> 1507 | I46: 208 | J46: S-005 | K46: ビッグトップ号 | L46: 東の海 | O46: 曲芸のカバジ | R46: G-009 | S46: バギー海賊団 | T46: 参謀長 | V46: 男 | W46: 人間 | X46: 海賊 | Z46: =IF(キャラマスタ[[#This Row],[生存ステータス]]=1,1539+キャラマスタ[[#This Row],[死亡年]],"") | AA46: 0 | AB46: B | AC46: 0 | AD46: 1.8 | AE46: 9999 | AG46: X | AH46: ポップコーン
A47: C003-01 | B47: ココックス | C47: ー | D47: =IFERROR(キャラマスタ[[#This Row],[初登場時の年齢]]+2,"") | E47: 3 | F47: 22 | G47: 44611 | H47: =IFERROR(IF(キャラマスタ[[#This Row],[生存ステータス]]=1,1539-キャラマスタ[[#This Row],[初登場時の年齢]]+キャラマスタ[[#This Row],[死亡年]],1539-キャラマスタ[[#This Row],[初登場時の年齢]]),"") | L47: 東の海 | M47: L-009 | N47: 珍獣島 | S47: 珍獣 | V47: - | W47: 珍獣 | X47: - | Z47: =IF(キャラマスタ[[#This Row],[生存ステータス]]=1,1539+キャラマスタ[[#This Row],[死亡年]],"") | AA47: - | AB47: C | AC47: 0 | AP47: ニワトリとイヌの特徴「コケコッコー」と鳴く
A48: C003-02 | B48: ガイモン | C48: 43 | D48: =IFERROR(キャラマスタ[[#This Row],[初登場時の年齢]]+2,"") -> 45 | E48: 3 | F48: 22 | G48: 44048 | H48: =IFERROR(IF(キャラマスタ[[#This Row],[生存ステータス]]=1,1539-キャラマスタ[[#This Row],[初登場時の年齢]]+キャラマスタ[[#This Row],[死亡年]],1539-キャラマスタ[[#This Row],[初登場時の年齢]]),"") -> 1496 | I48: 130 | J48: S-006 | K48: マチナ・ハレルヤ号 | L48: 東の海 | S48: 珍獣島 | T48: 住民 | V48: 男 | W48: 人間 | X48: 元海賊 | Z48: =IF(キャラマスタ[[#This Row],[生存ステータス]]=1,1539+キャラマスタ[[#This Row],[死亡年]],"") | AA48: 0 | AB48: B | AC48: 0 | AD48: -7300 | AE48: 9999 | AG48: X | AH48: 珍獣島で採れるメロン | AP48: 元海賊
A49: C003-03 | B49: ウソップ | C49: 17 | D49: =IFERROR(キャラマスタ[[#This Row],[初登場時の年齢]]+2,"") -> 19 | E49: 3 | F49: 23 | G49: 44652 | H49: =IFERROR(IF(キャラマスタ[[#This Row],[生存ステータス]]=1,1539-キャラマスタ[[#This Row],[初登場時の年齢]]+キャラマスタ[[#This Row],[死亡年]],1539-キャラマスタ[[#This Row],[初登場時の年齢]]),"") -> 1522 | I49: 174 | J49: S-001 | K49: ゴーイング・メリー号 | L49: 東の海 | M49: L-010 | N49: シロップ村 | R49: G-001 | S49: 麦わらの一味 | T49: 狙撃手 | V49: 男 | W49: 人間 | X49: 市民 | Z49: =IF(キャラマスタ[[#This Row],[生存ステータス]]=1,1539+キャラマスタ[[#This Row],[死亡年]],"") | AA49: 0 | AB49: A | AC49: 0 | AD49: -4200 | AE49: 9999 | AF49: 銀河パチンコ | AG49: S | AH49: 秋島のサンマ、旬の魚が大好き | AI49: キノコ類（当たった事がある） | AK49: アルマジロ | AP49: そげキング/ウソップ海賊団・船長
A50: C003-04 | B50: モーニン | C50: ー | D50: =IFERROR(キャラマスタ[[#This Row],[初登場時の年齢]]+2,"") | E50: 3 | F50: 23 | G50: 44849 | H50: =IFERROR(IF(キャラマスタ[[#This Row],[生存ステータス]]=1,1539-キャラマスタ[[#This Row],[初登場時の年齢]]+キャラマスタ[[#This Row],[死亡年]],1539-キャラマスタ[[#This Row],[初登場時の年齢]]),"") | L50: 東の海 | M50: L-010 | N50: シロップ村 | S50: シロップ村 | T50: 村長 | V50: 男 | W50: 人間 | X50: 市民 | Z50: =IF(キャラマスタ[[#This Row],[生存ステータス]]=1,1539+キャラマスタ[[#This Row],[死亡年]],"") | AA50: - | AB50: C | AC50: 0 | AP50: 朝はコーヒー派
A51: C003-05 | B51: にんじん | C51: 9 | D51: =IFERROR(キャラマスタ[[#This Row],[初登場時の年齢]]+2,"") -> 11 | E51: 3 | F51: 23 | G51: 43863 | H51: =IFERROR(IF(キャラマスタ[[#This Row],[生存ステータス]]=1,1539-キャラマスタ[[#This Row],[初登場時の年齢]]+キャラマスタ[[#This Row],[死亡年]],1539-キャラマスタ[[#This Row],[初登場時の年齢]]),"") -> 1530 | I51: 127 | L51: 東の海 | M51: L-010 | N51: シロップ村 | R51: G-010 | S51: ウソップ海賊団 | T51: 団員 | V51: 男 | W51: 人間 | X51: 市民 | Z51: =IF(キャラマスタ[[#This Row],[生存ステータス]]=1,1539+キャラマスタ[[#This Row],[死亡年]],"") | AA51: 0 | AB51: B | AC51: 0 | AG51: X | AH51: にんじんジュース | AP51: 夢：酒場を経営
A52: C003-06 | B52: ピーマン | C52: 9 | D52: =IFERROR(キャラマスタ[[#This Row],[初登場時の年齢]]+2,"") -> 11 | E52: 3 | F52: 23 | G52: 43930 | H52: =IFERROR(IF(キャラマスタ[[#This Row],[生存ステータス]]=1,1539-キャラマスタ[[#This Row],[初登場時の年齢]]+キャラマスタ[[#This Row],[死亡年]],1539-キャラマスタ[[#This Row],[初登場時の年齢]]),"") -> 1530 | I52: 120 | L52: 東の海 | M52: L-010 | N52: シロップ村 | R52: G-010 | S52: ウソップ海賊団 | T52: 団員 | V52: 男 | W52: 人間 | X52: 市民 | Z52: =IF(キャラマスタ[[#This Row],[生存ステータス]]=1,1539+キャラマスタ[[#This Row],[死亡年]],"") | AA52: 0 | AB52: B | AC52: 0 | AG52: XF | AH52: ピーマンの肉詰め | AP52: 夢：大工の棟梁
A53: C003-07 | B53: たまねぎ | C53: 9 | D53: =IFERROR(キャラマスタ[[#This Row],[初登場時の年齢]]+2,"") -> 11 | E53: 3 | F53: 23 | G53: 43931 | H53: =IFERROR(IF(キャラマスタ[[#This Row],[生存ステータス]]=1,1539-キャラマスタ[[#This Row],[初登場時の年齢]]+キャラマスタ[[#This Row],[死亡年]],1539-キャラマスタ[[#This Row],[初登場時の年齢]]),"") -> 1530 | I53: 124 | L53: 東の海 | M53: L-010 | N53: シロップ村 | R53: G-010 | S53: ウソップ海賊団 | T53: 団員 | V53: 男 | W53: 人間 | X53: 市民 | Z53: =IF(キャラマスタ[[#This Row],[生存ステータス]]=1,1539+キャラマスタ[[#This Row],[死亡年]],"") | AA53: 0 | AB53: B | AC53: 0 | AG53: S | AH53: オニオンリングフライ | AP53: 夢：小説家
A54: C003-08 | B54: クロ | C54: 33 | D54: =IFERROR(キャラマスタ[[#This Row],[初登場時の年齢]]+2,"") -> 35 | E54: 3 | F54: 24 | G54: 43943 | H54: =IFERROR(IF(キャラマスタ[[#This Row],[生存ステータス]]=1,1539-キャラマスタ[[#This Row],[初登場時の年齢]]+キャラマスタ[[#This Row],[死亡年]],1539-キャラマスタ[[#This Row],[初登場時の年齢]]),"") -> 1506 | I54: 207 | J54: S-007 | K54: べザン・ブラック号 | L54: 東の海 | O54: 百計のクロ | R54: G-011 | S54: クロネコ海賊団 | T54: 元船長 | V54: 男 | W54: 人間 | X54: 元海賊 | Z54: =IF(キャラマスタ[[#This Row],[生存ステータス]]=1,1539+キャラマスタ[[#This Row],[死亡年]],"") | AA54: 0 | AB54: B | AC54: 0 | AD54: -1095 | AE54: 11.5 | AF54: 猫の手 | AG54: X | AH54: バナナ | AP54: クラハドール
A55: C003-09 | B55: カヤ | C55: 17 | D55: =IFERROR(キャラマスタ[[#This Row],[初登場時の年齢]]+2,"") -> 19 | E55: 3 | F55: 24 | G55: 44067 | H55: =IFERROR(IF(キャラマスタ[[#This Row],[生存ステータス]]=1,1539-キャラマスタ[[#This Row],[初登場時の年齢]]+キャラマスタ[[#This Row],[死亡年]],1539-キャラマスタ[[#This Row],[初登場時の年齢]]),"") -> 1522 | I55: 169 | L55: 東の海 | M55: L-010 | N55: シロップ村 | S55: シロップ村 | T55: 屋敷の主 | V55: 女 | W55: 人間 | X55: 市民 | Z55: =IF(キャラマスタ[[#This Row],[生存ステータス]]=1,1539+キャラマスタ[[#This Row],[死亡年]],"") | AA55: 0 | AB55: B | AC55: 0 | AG55: F | AH55: 魚介類 | AP55: 医者志望
A56: C003-10 | B56: 門番 | C56: ー | D56: =IFERROR(キャラマスタ[[#This Row],[初登場時の年齢]]+2,"") | E56: 3 | F56: 24 | G56: 44743 | H56: =IFERROR(IF(キャラマスタ[[#This Row],[生存ステータス]]=1,1539-キャラマスタ[[#This Row],[初登場時の年齢]]+キャラマスタ[[#This Row],[死亡年]],1539-キャラマスタ[[#This Row],[初登場時の年齢]]),"") | L56: 東の海 | M56: L-010 | N56: シロップ村 | S56: 門番派遣会社「テッスル」 | T56: 社員 | V56: 男 | W56: 人間 | X56: 市民 | Z56: =IF(キャラマスタ[[#This Row],[生存ステータス]]=1,1539+キャラマスタ[[#This Row],[死亡年]],"") | AA56: - | AB56: C | AC56: 0 | AP56: カヤの屋敷の門番
A57: C003-11 | B57: メリー | C57: ー | D57: =IFERROR(キャラマスタ[[#This Row],[初登場時の年齢]]+2,"") | E57: 3 | F57: 24 | G57: 44583 | H57: =IFERROR(IF(キャラマスタ[[#This Row],[生存ステータス]]=1,1539-キャラマスタ[[#This Row],[初登場時の年齢]]+キャラマスタ[[#This Row],[死亡年]],1539-キャラマスタ[[#This Row],[初登場時の年齢]]),"") | L57: 東の海 | M57: L-010 | N57: シロップ村 | S57: カヤの執事 | V57: 男 | W57: 人間 | X57: 市民 | Z57: =IF(キャラマスタ[[#This Row],[生存ステータス]]=1,1539+キャラマスタ[[#This Row],[死亡年]],"") | AA57: 0 | AB57: B | AC57: 0
A58: C003-12 | B58: ジャンゴ | C58: 27 | D58: =IFERROR(キャラマスタ[[#This Row],[初登場時の年齢]]+2,"") -> 29 | E58: 3 | F58: 25 | G58: 44193 | H58: =IFERROR(IF(キャラマスタ[[#This Row],[生存ステータス]]=1,1539-キャラマスタ[[#This Row],[初登場時の年齢]]+キャラマスタ[[#This Row],[死亡年]],1539-キャラマスタ[[#This Row],[初登場時の年齢]]),"") -> 1512 | I58: 207 | J58: S-007 | K58: べザン・ブラック号 | L58: 東の海 | O58: 1・2のジャンゴ | R58: G-011 | S58: クロネコ海賊団 | T58: 船長 | V58: 男 | W58: 人間 | X58: 海賊 | Z58: =IF(キャラマスタ[[#This Row],[生存ステータス]]=1,1539+キャラマスタ[[#This Row],[死亡年]],"") | AA58: 0 | AB58: B | AC58: 0 | AD58: -1095 | AE58: 9999 | AF58: チャクラム | AG58: S | AH58: キノコのスパゲティ | AP58: 元海賊/1・2のジャンゴ/ダンサーから海賊に転身歴あり
A59: C004-01 | B59: シャム | C59: 21 | D59: =IFERROR(キャラマスタ[[#This Row],[初登場時の年齢]]+2,"") -> 23 | E59: 4 | F59: 31 | G59: 43940 | H59: =IFERROR(IF(キャラマスタ[[#This Row],[生存ステータス]]=1,1539-キャラマスタ[[#This Row],[初登場時の年齢]]+キャラマスタ[[#This Row],[死亡年]],1539-キャラマスタ[[#This Row],[初登場時の年齢]]),"") -> 1518 | I59: 201 | J59: S-007 | K59: べザン・ブラック号 | L59: 東の海 | R59: G-011 | S59: クロネコ海賊団 | T59: 船の番人 | V59: 男 | W59: 人間 | X59: 海賊 | Z59: =IF(キャラマスタ[[#This Row],[生存ステータス]]=1,1539+キャラマスタ[[#This Row],[死亡年]],"") | AA59: 0 | AB59: B | AC59: 0 | AD59: -1095 | AE59: 9999 | AG59: X | AH59: 焼き魚 | AP59: ニャーバン・兄弟（ブラザーズ）
A60: C004-02 | B60: ブチ | C60: 21 | D60: =IFERROR(キャラマスタ[[#This Row],[初登場時の年齢]]+2,"") -> 23 | E60: 4 | F60: 31 | G60: 43868 | H60: =IFERROR(IF(キャラマスタ[[#This Row],[生存ステータス]]=1,1539-キャラマスタ[[#This Row],[初登場時の年齢]]+キャラマスタ[[#This Row],[死亡年]],1539-キャラマスタ[[#This Row],[初登場時の年齢]]),"") -> 1518 | I60: 216 | J60: S-007 | K60: べザン・ブラック号 | L60: 東の海 | R60: G-011 | S60: クロネコ海賊団 | T60: 船の番人 | V60: 男 | W60: 人間 | X60: 海賊 | Z60: =IF(キャラマスタ[[#This Row],[生存ステータス]]=1,1539+キャラマスタ[[#This Row],[死亡年]],"") | AA60: 0 | AB60: B | AC60: 0 | AD60: -1095 | AE60: 9999 | AG60: X | AH60: フィッシュ＆チップス | AP60: ニャーバン・兄弟（ブラザーズ）
A61: C005-01 | B61: ヌギレ・ヤイヌ | C61: ー | D61: =IFERROR(キャラマスタ[[#This Row],[初登場時の年齢]]+2,"") | E61: 5 | F61: 37 | G61: 44760 | H61: =IFERROR(IF(キャラマスタ[[#This Row],[生存ステータス]]=1,1539-キャラマスタ[[#This Row],[初登場時の年齢]]+キャラマスタ[[#This Row],[死亡年]],1539-キャラマスタ[[#This Row],[初登場時の年齢]]),"") | L61: 東の海 | S61: クロネコ海賊団 | V61: 男 | W61: 人間 | X61: 海賊 | Z61: =IF(キャラマスタ[[#This Row],[生存ステータス]]=1,1539+キャラマスタ[[#This Row],[死亡年]],"") | AA61: - | AB61: C | AC61: 0 | AP61: クロの身代わりに処刑された男
A62: C005-02 | B62: バンキーナ | C62: ー | D62: =IFERROR(キャラマスタ[[#This Row],[初登場時の年齢]]+2,"") | E62: 5 | F62: 41 | G62: 44912 | H62: =IFERROR(IF(キャラマスタ[[#This Row],[生存ステータス]]=1,1539-キャラマスタ[[#This Row],[初登場時の年齢]]+キャラマスタ[[#This Row],[死亡年]],1539-キャラマスタ[[#This Row],[初登場時の年齢]]),"") | L62: 東の海 | M62: L-010 | N62: シロップ村 | V62: 女 | W62: 人間 | X62: 市民 | Z62: =IF(キャラマスタ[[#This Row],[生存ステータス]]=1,1539+キャラマスタ[[#This Row],[死亡年]],"") | AA62: - | AB62: C | AC62: 0 | AP62: ウソップの母親
A63: C005-03 | B63: ゴーイング・メリー号 | C63: ー | D63: =IFERROR(キャラマスタ[[#This Row],[初登場時の年齢]]+2,"") | E63: 5 | F63: 41 | G63: 45313 | I63: 1300 | R63: G-001 | S63: 麦わらの一味 | T63: 本船 | V63: - | W63: - | Z63: =IF(キャラマスタ[[#This Row],[生存ステータス]]=1,1539+キャラマスタ[[#This Row],[死亡年]],"") | AA63: - | AB63: C | AC63: 0
A64: C005-04 | B64: ヨサク | C64: 24 | D64: =IFERROR(キャラマスタ[[#This Row],[初登場時の年齢]]+2,"") -> 26 | E64: 5 | F64: 42 | G64: 44145 | H64: =IFERROR(IF(キャラマスタ[[#This Row],[生存ステータス]]=1,1539-キャラマスタ[[#This Row],[初登場時の年齢]]+キャラマスタ[[#This Row],[死亡年]],1539-キャラマスタ[[#This Row],[初登場時の年齢]]),"") -> 1515 | I64: 185 | J64: S-008 | K64: バウンティ丸 | L64: 東の海 | R64: G-007 | S64: 賞金稼ぎ | V64: 男 | W64: 人間 | X64: 賞金稼ぎ | Z64: =IF(キャラマスタ[[#This Row],[生存ステータス]]=1,1539+キャラマスタ[[#This Row],[死亡年]],"") | AA64: 0 | AB64: B | AC64: 0 | AD64: 3.5 | AE64: 9999 | AF64: 菜斬り刀 | AG64: F | AH64: モヤシいため
A65: C005-05 | B65: ジョニー | C65: 23 | D65: =IFERROR(キャラマスタ[[#This Row],[初登場時の年齢]]+2,"") -> 25 | E65: 5 | F65: 42 | G65: 44147 | H65: =IFERROR(IF(キャラマスタ[[#This Row],[生存ステータス]]=1,1539-キャラマスタ[[#This Row],[初登場時の年齢]]+キャラマスタ[[#This Row],[死亡年]],1539-キャラマスタ[[#This Row],[初登場時の年齢]]),"") -> 1516 | I65: 186 | J65: S-008 | K65: バウンティ丸 | L65: 東の海 | R65: G-007 | S65: 賞金稼ぎ | V65: 男 | W65: 人間 | X65: 賞金稼ぎ | Z65: =IF(キャラマスタ[[#This Row],[生存ステータス]]=1,1539+キャラマスタ[[#This Row],[死亡年]],"") | AA65: 0 | AB65: B | AC65: 0 | AD65: 3.5 | AE65: 9999 | AF65: 菜斬り刀 | AG65: F | AH65: ポテチ
A66: C005-06 | B66: フルボディ | C66: 26 | D66: =IFERROR(キャラマスタ[[#This Row],[初登場時の年齢]]+2,"") -> 28 | E66: 5 | F66: 43 | G66: 44081 | H66: =IFERROR(IF(キャラマスタ[[#This Row],[生存ステータス]]=1,1539-キャラマスタ[[#This Row],[初登場時の年齢]]+キャラマスタ[[#This Row],[死亡年]],1539-キャラマスタ[[#This Row],[初登場時の年齢]]),"") -> 1513 | I66: 184 | L66: 北の海 | O66: 鉄拳のフルボディ | R66: G-006 | S66: 海軍本部 | T66: 大尉 | V66: 男 | W66: 人間 | X66: 海兵 | Z66: =IF(キャラマスタ[[#This Row],[生存ステータス]]=1,1539+キャラマスタ[[#This Row],[死亡年]],"") | AA66: 0 | AB66: B | AC66: 0 | AD66: 5 | AE66: 9999 | AF66: 鉄拳 | AG66: F | AH66: 赤ワイン（イテュルツブルガー・シュタイン） | AP66: 鉄拳のフルボディ/元海軍本部大尉
A67: C005-07 | B67: モッツェルおじさん | C67: ー | D67: =IFERROR(キャラマスタ[[#This Row],[初登場時の年齢]]+2,"") | E67: 5 | F67: 43 | G67: 44811 | H67: =IFERROR(IF(キャラマスタ[[#This Row],[生存ステータス]]=1,1539-キャラマスタ[[#This Row],[初登場時の年齢]]+キャラマスタ[[#This Row],[死亡年]],1539-キャラマスタ[[#This Row],[初登場時の年齢]]),"") | L67: 東の海 | V67: 男 | W67: 人間 | X67: 市民 | Z67: =IF(キャラマスタ[[#This Row],[生存ステータス]]=1,1539+キャラマスタ[[#This Row],[死亡年]],"") | AA67: - | AB67: C | AC67: 0 | AP67: バラティエにて娘の料理をつまみ食い
A68: C005-08 | B68: ムーディ | C68: ー | D68: =IFERROR(キャラマスタ[[#This Row],[初登場時の年齢]]+2,"") | E68: 5 | F68: 43 | G68: 44882 | H68: =IFERROR(IF(キャラマスタ[[#This Row],[生存ステータス]]=1,1539-キャラマスタ[[#This Row],[初登場時の年齢]]+キャラマスタ[[#This Row],[死亡年]],1539-キャラマスタ[[#This Row],[初登場時の年齢]]),"") | L68: 東の海 | V68: 女 | W68: 人間 | X68: 市民 | Z68: =IF(キャラマスタ[[#This Row],[生存ステータス]]=1,1539+キャラマスタ[[#This Row],[死亡年]],"") | AA68: - | AB68: C | AC68: 0 | AP68: フルボディと食事をしていた女性
A69: C005-09 | B69: サンジ | C69: 19 | D69: =IFERROR(キャラマスタ[[#This Row],[初登場時の年齢]]+2,"") -> 21 | E69: 5 | F69: 43 | G69: 43892 | H69: =IFERROR(IF(キャラマスタ[[#This Row],[生存ステータス]]=1,1539-キャラマスタ[[#This Row],[初登場時の年齢]]+キャラマスタ[[#This Row],[死亡年]],1539-キャラマスタ[[#This Row],[初登場時の年齢]]),"") -> 1520 | I69: 177 | J69: S-001 | K69: ゴーイング・メリー号 | L69: 北の海 | N69: ジェルマ王国 | R69: G-012 | S69: 海上レストランバラティエ | T69: 副料理長 | V69: 男 | W69: 人間 | X69: 市民 | Z69: =IF(キャラマスタ[[#This Row],[生存ステータス]]=1,1539+キャラマスタ[[#This Row],[死亡年]],"") | AA69: 0 | AB69: A | AC69: 0 | AD69: -3285 | AE69: 9999 | AF69: 足技 | AG69: S型RH- | AH69: 辛口海鮮パスタ、紅茶に合う物 | AI69: こんにゃく（栄養ないから） | AK69: アヒル | AP69: 海上レストラン/副料理長
A70: C005-10 | B70: ゼフ | C70: 65 | D70: =IFERROR(キャラマスタ[[#This Row],[初登場時の年齢]]+2,"") -> 67 | E70: 5 | F70: 43 | G70: 43923 | H70: =IFERROR(IF(キャラマスタ[[#This Row],[生存ステータス]]=1,1539-キャラマスタ[[#This Row],[初登場時の年齢]]+キャラマスタ[[#This Row],[死亡年]],1539-キャラマスタ[[#This Row],[初登場時の年齢]]),"") -> 1474 | I70: 189 | J70: S-009 | K70: バラティエ | L70: 東の海 | O70: 赫足のゼフ | R70: G-012 | S70: 海上レストランバラティエ | T70: オーナー兼料理長 | V70: 男 | W70: 人間 | X70: 市民 | Z70: =IF(キャラマスタ[[#This Row],[生存ステータス]]=1,1539+キャラマスタ[[#This Row],[死亡年]],"") | AA70: 0 | AB70: B | AC70: 0 | AD70: -3650 | AE70: 11.5 | AF70: 足技 | AG70: XF | AH70: 激辛チキンウイング | AP70: 元海賊/クック海賊団船長
A71: C005-11 | B71: バッチー | C71: ー | D71: =IFERROR(キャラマスタ[[#This Row],[初登場時の年齢]]+2,"") | E71: 5 | F71: 43 | G71: 44743 | H71: =IFERROR(IF(キャラマスタ[[#This Row],[生存ステータス]]=1,1539-キャラマスタ[[#This Row],[初登場時の年齢]]+キャラマスタ[[#This Row],[死亡年]],1539-キャラマスタ[[#This Row],[初登場時の年齢]]),"") | L71: 東の海 | S71: ハエ目短角亜目イエバエ科 | V71: - | W71: ハエ | X71: - | Z71: =IF(キャラマスタ[[#This Row],[生存ステータス]]=1,1539+キャラマスタ[[#This Row],[死亡年]],"") | AA71: - | AB71: C | AC71: 0 | AP71: ただのハエ
A72: C005-12 | B72: パティ | C72: 27 | D72: =IFERROR(キャラマスタ[[#This Row],[初登場時の年齢]]+2,"") -> 29 | E72: 5 | F72: 44 | G72: 43902 | H72: =IFERROR(IF(キャラマスタ[[#This Row],[生存ステータス]]=1,1539-キャラマスタ[[#This Row],[初登場時の年齢]]+キャラマスタ[[#This Row],[死亡年]],1539-キャラマスタ[[#This Row],[初登場時の年齢]]),"") -> 1512 | I72: 204 | J72: S-009 | K72: バラティエ | L72: 東の海 | R72: G-012 | S72: 海上レストランバラティエ | T72: コック | V72: 男 | W72: 人間 | X72: 市民 | Z72: =IF(キャラマスタ[[#This Row],[生存ステータス]]=1,1539+キャラマスタ[[#This Row],[死亡年]],"") | AA72: 0 | AB72: B | AC72: 0 | AG72: X | AH72: プリン | AP72: 10数年で300軒クビになる/連結式デザート艦”シスターアンコー”責任者
A73: C005-13 | B73: ラインズ一等兵 | C73: ー | D73: =IFERROR(キャラマスタ[[#This Row],[初登場時の年齢]]+2,"") | E73: 5 | F73: 44 | G73: 44922 | H73: =IFERROR(IF(キャラマスタ[[#This Row],[生存ステータス]]=1,1539-キャラマスタ[[#This Row],[初登場時の年齢]]+キャラマスタ[[#This Row],[死亡年]],1539-キャラマスタ[[#This Row],[初登場時の年齢]]),"") | L73: 東の海 | R73: G-006 | S73: 海軍本部 | T73: 一等兵 | V73: 男 | W73: 人間 | X73: 海兵 | Z73: =IF(キャラマスタ[[#This Row],[生存ステータス]]=1,1539+キャラマスタ[[#This Row],[死亡年]],"") | AA73: - | AB73: C | AC73: 0 | AP73: ギンの脱走をフルボディに伝えた
A74: C005-14 | B74: パンダマン | C74: ー | D74: =IFERROR(キャラマスタ[[#This Row],[初登場時の年齢]]+2,"") | E74: 5 | F74: 44 | G74: 2月29日 | H74: =IFERROR(IF(キャラマスタ[[#This Row],[生存ステータス]]=1,1539-キャラマスタ[[#This Row],[初登場時の年齢]]+キャラマスタ[[#This Row],[死亡年]],1539-キャラマスタ[[#This Row],[初登場時の年齢]]),"") | I74: 200 | L74: チベット | S74: 悪魔超人 | V74: 男 | W74: 悪魔超人 | X74: 市民 | Z74: =IF(キャラマスタ[[#This Row],[生存ステータス]]=1,1539+キャラマスタ[[#This Row],[死亡年]],"") | AA74: - | AB74: C | AC74: 0 | AP74: 体重122kg /笹を食べて330万パワー、食前330万パワー/必殺技「S.P.D（笹の葉パンダドロップ）」「ジャイアントパンダデスロック」
A75: C005-15 | B75: ギン | C75: 25 | D75: =IFERROR(キャラマスタ[[#This Row],[初登場時の年齢]]+2,"") -> 27 | E75: 5 | F75: 44 | G75: 43928 | H75: =IFERROR(IF(キャラマスタ[[#This Row],[生存ステータス]]=1,1539-キャラマスタ[[#This Row],[初登場時の年齢]]+キャラマスタ[[#This Row],[死亡年]],1539-キャラマスタ[[#This Row],[初登場時の年齢]]),"") -> 1514 | I75: 186 | J75: S-011 | K75: ドレッドノート・サーベル号 | L75: 東の海 | O75: 鬼人のギン | R75: G-013 | S75: クリーク海賊団 | T75: 戦闘総隊長 | V75: 男 | W75: 人間 | X75: 海賊 | Z75: =IF(キャラマスタ[[#This Row],[生存ステータス]]=1,1539+キャラマスタ[[#This Row],[死亡年]],"") | AA75: 0 | AB75: B | AC75: 0 | AD75: -5 | AE75: 11.5 | AF75: 鉄球 | AG75: S | AH75: サンジが作ったピラフ
A76: C006-01 | B76: カルネ | C76: 32 | D76: =IFERROR(キャラマスタ[[#This Row],[初登場時の年齢]]+2,"") -> 34 | E76: 6 | F76: 45 | G76: 43870 | H76: =IFERROR(IF(キャラマスタ[[#This Row],[生存ステータス]]=1,1539-キャラマスタ[[#This Row],[初登場時の年齢]]+キャラマスタ[[#This Row],[死亡年]],1539-キャラマスタ[[#This Row],[初登場時の年齢]]),"") -> 1507 | I76: 171 | J76: S-009 | K76: バラティエ | L76: 東の海 | R76: G-012 | S76: 海上レストランバラティエ | T76: コック | V76: 男 | W76: 人間 | X76: 市民 | Z76: =IF(キャラマスタ[[#This Row],[生存ステータス]]=1,1539+キャラマスタ[[#This Row],[死亡年]],"") | AA76: 0 | AB76: B | AC76: 0 | AG76: S | AH76: ローストビーフ | AP76: 連結式鉄板焼艦”ナスがシラ号”責任者
A77: C006-02 | B77: ロクサーヌ | C77: ー | D77: =IFERROR(キャラマスタ[[#This Row],[初登場時の年齢]]+2,"") | E77: 6 | F77: 46 | G77: 44584 | H77: =IFERROR(IF(キャラマスタ[[#This Row],[生存ステータス]]=1,1539-キャラマスタ[[#This Row],[初登場時の年齢]]+キャラマスタ[[#This Row],[死亡年]],1539-キャラマスタ[[#This Row],[初登場時の年齢]]),"") | L77: 東の海 | V77: 女 | W77: 人間 | X77: 市民 | Z77: =IF(キャラマスタ[[#This Row],[生存ステータス]]=1,1539+キャラマスタ[[#This Row],[死亡年]],"") | AA77: - | AB77: - | AC77: 0 | AP77: バラティエの客
A78: C006-03 | B78: クリーク | C78: 42 | D78: =IFERROR(キャラマスタ[[#This Row],[初登場時の年齢]]+2,"") -> 44 | E78: 6 | F78: 46 | G78: 44093 | H78: =IFERROR(IF(キャラマスタ[[#This Row],[生存ステータス]]=1,1539-キャラマスタ[[#This Row],[初登場時の年齢]]+キャラマスタ[[#This Row],[死亡年]],1539-キャラマスタ[[#This Row],[初登場時の年齢]]),"") -> 1497 | I78: 243 | J78: S-011 | K78: ドレッドノート・サーベル号 | L78: 東の海 | O78: 海賊艦隊提督”首領・クリーク”/ダマし討ちのクリーク | R78: G-013 | S78: クリーク海賊団 | T78: 首領 | V78: 男 | W78: 人間 | X78: 海賊 | Z78: =IF(キャラマスタ[[#This Row],[生存ステータス]]=1,1539+キャラマスタ[[#This Row],[死亡年]],"") | AA78: 0 | AB78: B | AC78: 0 | AD78: -5 | AE78: 11.5 | AF78: 仕込み武器 | AG78: XF | AH78: 海王類の丸焼き
A79: C006-04 | B79: ジュラキュール・ミホーク | C79: 41 | D79: =IFERROR(キャラマスタ[[#This Row],[初登場時の年齢]]+2,"") -> 43 | E79: 6 | F79: 50 | G79: 43899 | H79: =IFERROR(IF(キャラマスタ[[#This Row],[生存ステータス]]=1,1539-キャラマスタ[[#This Row],[初登場時の年齢]]+キャラマスタ[[#This Row],[死亡年]],1539-キャラマスタ[[#This Row],[初登場時の年齢]]),"") -> 1498 | I79: 198 | J79: S-012 | K79: 棺船 | O79: 鷹の目のミホーク,世界最強の剣士 | R79: G-014 | S79: 王下七武海 | V79: 男 | W79: 人間 | X79: 世界政府 | Z79: =IF(キャラマスタ[[#This Row],[生存ステータス]]=1,1539+キャラマスタ[[#This Row],[死亡年]],"") | AA79: 0 | AB79: B | AC79: 0 | AD79: 2 | AE79: 11.5 | AF79: 刀 | AG79: S | AH79: 赤ワイン | AI79: 鍋 | AJ79: のんびり農作業、ワイン収集 | AK79: 鷹 | AP79: 世界最強の剣士/元王下七武海
A80: C007-01 | B80: パール | C80: 23 | D80: =IFERROR(キャラマスタ[[#This Row],[初登場時の年齢]]+2,"") -> 25 | E80: 7 | F80: 54 | G80: 44753 | H80: =IFERROR(IF(キャラマスタ[[#This Row],[生存ステータス]]=1,1539-キャラマスタ[[#This Row],[初登場時の年齢]]+キャラマスタ[[#This Row],[死亡年]],1539-キャラマスタ[[#This Row],[初登場時の年齢]]),"") -> 1516 | I80: 239 | J80: S-011 | K80: ドレッドノート・サーベル号 | L80: 東の海 | O80: 鉄壁のパール | R80: G-013 | S80: クリーク海賊団 | T80: 第２部隊 隊長 | V80: 男 | W80: 人間 | X80: 海賊 | Z80: =IF(キャラマスタ[[#This Row],[生存ステータス]]=1,1539+キャラマスタ[[#This Row],[死亡年]],"") | AA80: 0 | AB80: B | AC80: 0 | AF80: 盾 | AG80: F | AH80: ホタテ | AP80: タテ男でダテ男。過去６１回の死闘を無傷で勝利。
A81: C007-02 | B81: アイデアマン | C81: ー | D81: =IFERROR(キャラマスタ[[#This Row],[初登場時の年齢]]+2,"") | E81: 7 | F81: 55 | G81: 44637 | H81: =IFERROR(IF(キャラマスタ[[#This Row],[生存ステータス]]=1,1539-キャラマスタ[[#This Row],[初登場時の年齢]]+キャラマスタ[[#This Row],[死亡年]],1539-キャラマスタ[[#This Row],[初登場時の年齢]]),"") | J81: S-011 | K81: ドレッドノート・サーベル号 | L81: 東の海 | R81: G-013 | S81: クリーク海賊団 | T81: 参謀 | V81: 男 | W81: 人間 | X81: 海賊 | Z81: =IF(キャラマスタ[[#This Row],[生存ステータス]]=1,1539+キャラマスタ[[#This Row],[死亡年]],"") | AA81: - | AB81: C | AC81: 0
A82: C007-03 | B82: ハッスル | C82: ー | D82: =IFERROR(キャラマスタ[[#This Row],[初登場時の年齢]]+2,"") | E82: 7 | F82: 60 | G82: 44770 | H82: =IFERROR(IF(キャラマスタ[[#This Row],[生存ステータス]]=1,1539-キャラマスタ[[#This Row],[初登場時の年齢]]+キャラマスタ[[#This Row],[死亡年]],1539-キャラマスタ[[#This Row],[初登場時の年齢]]),"") | J82: S-011 | K82: ドレッドノート・サーベル号 | L82: 東の海 | R82: G-013 | S82: クリーク海賊団 | T82: 戦闘インストラクター | V82: 男 | W82: 人間 | X82: 海賊 | Z82: =IF(キャラマスタ[[#This Row],[生存ステータス]]=1,1539+キャラマスタ[[#This Row],[死亡年]],"") | AA82: - | AB82: C | AC82: 0
A83: C007-04 | B83: クマテ族 | C83: ー | D83: =IFERROR(キャラマスタ[[#This Row],[初登場時の年齢]]+2,"") | E83: 7 | F83: 62 | G83: 44824 | H83: =IFERROR(IF(キャラマスタ[[#This Row],[生存ステータス]]=1,1539-キャラマスタ[[#This Row],[初登場時の年齢]]+キャラマスタ[[#This Row],[死亡年]],1539-キャラマスタ[[#This Row],[初登場時の年齢]]),"") | L83: 東の海 | V83: 男 | W83: 人間 | X83: 市民 | Z83: =IF(キャラマスタ[[#This Row],[生存ステータス]]=1,1539+キャラマスタ[[#This Row],[死亡年]],"") | AA83: - | AB83: C | AC83: 0 | AP83: 30~50人以上
A84: C008-01 | B84: カギッコ | C84: ー | D84: =IFERROR(キャラマスタ[[#This Row],[初登場時の年齢]]+2,"") | E84: 8 | F84: 64 | G84: 44861 | H84: =IFERROR(IF(キャラマスタ[[#This Row],[生存ステータス]]=1,1539-キャラマスタ[[#This Row],[初登場時の年齢]]+キャラマスタ[[#This Row],[死亡年]],1539-キャラマスタ[[#This Row],[初登場時の年齢]]),"") | J84: S-011 | K84: ドレッドノート・サーベル号 | L84: 東の海 | R84: G-013 | S84: クリーク海賊団 | T84: 錠前師 | V84: 男 | W84: 人間 | X84: 海賊 | Z84: =IF(キャラマスタ[[#This Row],[生存ステータス]]=1,1539+キャラマスタ[[#This Row],[死亡年]],"") | AA84: - | AB84: C | AC84: 0
A85: C008-02 | B85: パンサメ | C85: ー | D85: =IFERROR(キャラマスタ[[#This Row],[初登場時の年齢]]+2,"") | E85: 8 | F85: 68 | G85: 44802 | H85: =IFERROR(IF(キャラマスタ[[#This Row],[生存ステータス]]=1,1539-キャラマスタ[[#This Row],[初登場時の年齢]]+キャラマスタ[[#This Row],[死亡年]],1539-キャラマスタ[[#This Row],[初登場時の年齢]]),"") | L85: 東の海 | V85: - | W85: パンサメ | X85: - | Z85: =IF(キャラマスタ[[#This Row],[生存ステータス]]=1,1539+キャラマスタ[[#This Row],[死亡年]],"") | AA85: - | AB85: C | AC85: 0 | AP85: パンサメ
A86: C008-03 | B86: ナミ魚人 | C86: ー | D86: =IFERROR(キャラマスタ[[#This Row],[初登場時の年齢]]+2,"") | E86: 8 | F86: 69 | G86: 44015 | H86: =IFERROR(IF(キャラマスタ[[#This Row],[生存ステータス]]=1,1539-キャラマスタ[[#This Row],[初登場時の年齢]]+キャラマスタ[[#This Row],[死亡年]],1539-キャラマスタ[[#This Row],[初登場時の年齢]]),"") | L86: 東の海 | V86: 女 | W86: 魚人 | X86: 市民 | Z86: =IF(キャラマスタ[[#This Row],[生存ステータス]]=1,1539+キャラマスタ[[#This Row],[死亡年]],"") | AA86: - | AB86: C | AC86: 0
A87: C008-04 | B87: ネズミ | C87: 34 | D87: =IFERROR(キャラマスタ[[#This Row],[初登場時の年齢]]+2,"") -> 36 | E87: 8 | F87: 69 | G87: 44177 | H87: =IFERROR(IF(キャラマスタ[[#This Row],[生存ステータス]]=1,1539-キャラマスタ[[#This Row],[初登場時の年齢]]+キャラマスタ[[#This Row],[死亡年]],1539-キャラマスタ[[#This Row],[初登場時の年齢]]),"") -> 1505 | I87: 182 | L87: 東の海 | R87: G-006 | S87: 海軍第16支部 | T87: 大佐 | V87: 男 | W87: 人間 | X87: 海兵 | Z87: =IF(キャラマスタ[[#This Row],[生存ステータス]]=1,1539+キャラマスタ[[#This Row],[死亡年]],"") | AA87: 0 | AB87: B | AC87: 0 | AG87: XF | AH87: チーズ
A88: C008-05 | B88: アーロン | C88: 39 | D88: =IFERROR(キャラマスタ[[#This Row],[初登場時の年齢]]+2,"") -> 41 | E88: 8 | F88: 69 | G88: 43954 | H88: =IFERROR(IF(キャラマスタ[[#This Row],[生存ステータス]]=1,1539-キャラマスタ[[#This Row],[初登場時の年齢]]+キャラマスタ[[#This Row],[死亡年]],1539-キャラマスタ[[#This Row],[初登場時の年齢]]),"") -> 1500 | I88: 263 | J88: S-014 | K88: シャーク・スパーブ号 | L88: 偉大なる航路 | N88: 魚人島・リュウグウ王国 魚人街 | O88: ノコギリのアーロン | R88: G-017 | S88: アーロン一味 | T88: 船長 | V88: 男 | W88: 魚人 | X88: 海賊 | Z88: =IF(キャラマスタ[[#This Row],[生存ステータス]]=1,1539+キャラマスタ[[#This Row],[死亡年]],"") | AA88: 0 | AB88: B | AC88: 0 | AD88: -2920 | AE88: 9999 | AF88: キリバチ | AG88: F | AH88: 牛の丸焼き | AP88: ノコギリザメの魚人
A89: C008-06 | B89: はっちゃん | C89: 36 | D89: =IFERROR(キャラマスタ[[#This Row],[初登場時の年齢]]+2,"") -> 38 | E89: 8 | F89: 69 | G89: 44051 | H89: =IFERROR(IF(キャラマスタ[[#This Row],[生存ステータス]]=1,1539-キャラマスタ[[#This Row],[初登場時の年齢]]+キャラマスタ[[#This Row],[死亡年]],1539-キャラマスタ[[#This Row],[初登場時の年齢]]),"") -> 1503 | I89: 220 | J89: S-014 | K89: シャーク・スパーブ号 | L89: 偉大なる航路 | N89: 魚人島・リュウグウ王国 魚人街 | O89: 六刀流のハチ | R89: G-017 | S89: アーロン一味 | T89: 幹部 | V89: 男 | W89: 魚人 | X89: 海賊 | Z89: =IF(キャラマスタ[[#This Row],[生存ステータス]]=1,1539+キャラマスタ[[#This Row],[死亡年]],"") | AA89: 0 | AB89: B | AC89: 0 | AD89: -2920 | AE89: 9999 | AF89: 刀 | AG89: S | AH89: たこ焼き、たこ焼き煎餅 | AP89: タコの魚人/元アーロン一味
A90: C008-07 | B90: チャボ | C90: ー | D90: =IFERROR(キャラマスタ[[#This Row],[初登場時の年齢]]+2,"") | E90: 8 | F90: 69 | G90: 44726 | H90: =IFERROR(IF(キャラマスタ[[#This Row],[生存ステータス]]=1,1539-キャラマスタ[[#This Row],[初登場時の年齢]]+キャラマスタ[[#This Row],[死亡年]],1539-キャラマスタ[[#This Row],[初登場時の年齢]]),"") | L90: 東の海 | N90: ゴサの町 | V90: 男 | W90: 人間 | X90: 市民 | Z90: =IF(キャラマスタ[[#This Row],[生存ステータス]]=1,1539+キャラマスタ[[#This Row],[死亡年]],"") | AA90: - | AB90: C | AC90: 0
A91: C008-08 | B91: ノジコ | C91: 20 | D91: =IFERROR(キャラマスタ[[#This Row],[初登場時の年齢]]+2,"") -> 22 | E91: 8 | F91: 70 | G91: 44037 | H91: =IFERROR(IF(キャラマスタ[[#This Row],[生存ステータス]]=1,1539-キャラマスタ[[#This Row],[初登場時の年齢]]+キャラマスタ[[#This Row],[死亡年]],1539-キャラマスタ[[#This Row],[初登場時の年齢]]),"") -> 1519 | I91: 170 | L91: 東の海 | M91: L-017 | N91: ココヤシ村 | S91: ココヤシ村 | T91: 住民 | V91: 女 | W91: 人間 | X91: 市民 | Z91: =IF(キャラマスタ[[#This Row],[生存ステータス]]=1,1539+キャラマスタ[[#This Row],[死亡年]],"") | AA91: 0 | AB91: B | AC91: 0 | AG91: S | AH91: みかん
A92: C008-09 | B92: ゲンゾウ | C92: 46 | D92: =IFERROR(キャラマスタ[[#This Row],[初登場時の年齢]]+2,"") -> 48 | E92: 8 | F92: 71 | G92: 43999 | H92: =IFERROR(IF(キャラマスタ[[#This Row],[生存ステータス]]=1,1539-キャラマスタ[[#This Row],[初登場時の年齢]]+キャラマスタ[[#This Row],[死亡年]],1539-キャラマスタ[[#This Row],[初登場時の年齢]]),"") -> 1493 | I92: 173 | L92: 東の海 | M92: L-017 | N92: ココヤシ村 | S92: ココヤシ村 | T92: 駐在 | V92: 男 | W92: 人間 | X92: 市民 | Z92: =IF(キャラマスタ[[#This Row],[生存ステータス]]=1,1539+キャラマスタ[[#This Row],[死亡年]],"") | AA92: 0 | AB92: B | AC92: 0 | AG92: F | AH92: 生ハムメロン
A93: C009-01 | B93: カネシロ | C93: ー | D93: =IFERROR(キャラマスタ[[#This Row],[初登場時の年齢]]+2,"") | E93: 9 | F93: 72 | G93: 44897 | H93: =IFERROR(IF(キャラマスタ[[#This Row],[生存ステータス]]=1,1539-キャラマスタ[[#This Row],[初登場時の年齢]]+キャラマスタ[[#This Row],[死亡年]],1539-キャラマスタ[[#This Row],[初登場時の年齢]]),"") | J93: S-014 | K93: シャーク・スパーブ号 | L93: リュウグウ王国 | N93: 魚人街 | R93: G-017 | S93: アーロン一味 | T93: 船大工 | V93: 男 | W93: 魚人 | X93: 海賊 | Z93: =IF(キャラマスタ[[#This Row],[生存ステータス]]=1,1539+キャラマスタ[[#This Row],[死亡年]],"") | AA93: - | AB93: C | AC93: 0 | AP93: 金魚の魚人
A94: C009-02 | B94: ピサロ | C94: ー | D94: =IFERROR(キャラマスタ[[#This Row],[初登場時の年齢]]+2,"") | E94: 9 | F94: 72 | G94: 44787 | H94: =IFERROR(IF(キャラマスタ[[#This Row],[生存ステータス]]=1,1539-キャラマスタ[[#This Row],[初登場時の年齢]]+キャラマスタ[[#This Row],[死亡年]],1539-キャラマスタ[[#This Row],[初登場時の年齢]]),"") | J94: S-014 | K94: シャーク・スパーブ号 | L94: リュウグウ王国 | N94: 魚人街 | R94: G-017 | S94: アーロン一味 | T94: 音楽家 | V94: 男 | W94: 魚人 | X94: 海賊 | Z94: =IF(キャラマスタ[[#This Row],[生存ステータス]]=1,1539+キャラマスタ[[#This Row],[死亡年]],"") | AA94: - | AB94: C | AC94: 0
A95: C009-03 | B95: モーム | C95: 14 | D95: =IFERROR(キャラマスタ[[#This Row],[初登場時の年齢]]+2,"") -> 16 | E95: 9 | F95: 73 | G95: 43930 | H95: =IFERROR(IF(キャラマスタ[[#This Row],[生存ステータス]]=1,1539-キャラマスタ[[#This Row],[初登場時の年齢]]+キャラマスタ[[#This Row],[死亡年]],1539-キャラマスタ[[#This Row],[初登場時の年齢]]),"") -> 1525 | I95: 3600 | J95: S-014 | K95: シャーク・スパーブ号 | L95: 偉大なる航路 | O95: 海牛モーム | R95: G-017 | S95: アーロン一味 | T95: 戦闘員 | V95: - | W95: 海獣 | X95: 海賊 | Z95: =IF(キャラマスタ[[#This Row],[生存ステータス]]=1,1539+キャラマスタ[[#This Row],[死亡年]],"") | AA95: 0 | AB95: B | AC95: 0 | AG95: S | AH95: ブタの丸焼き、サメ | AP95: 元アーロン一味/海獣
A96: C009-04 | B96: チュウ | C96: 33 | D96: =IFERROR(キャラマスタ[[#This Row],[初登場時の年齢]]+2,"") -> 35 | E96: 9 | F96: 75 | G96: 43974 | H96: =IFERROR(IF(キャラマスタ[[#This Row],[生存ステータス]]=1,1539-キャラマスタ[[#This Row],[初登場時の年齢]]+キャラマスタ[[#This Row],[死亡年]],1539-キャラマスタ[[#This Row],[初登場時の年齢]]),"") -> 1506 | I96: 257 | J96: S-014 | K96: シャーク・スパーブ号 | L96: 偉大なる航路 | N96: 魚人島・リュウグウ王国 魚人街 | R96: G-017 | S96: アーロン一味 | T96: 幹部 | V96: 男 | W96: 魚人 | X96: 海賊 | Z96: =IF(キャラマスタ[[#This Row],[生存ステータス]]=1,1539+キャラマスタ[[#This Row],[死亡年]],"") | AA96: 0 | AB96: B | AC96: 0 | AF96: 水鉄砲 | AG96: X | AH96: アサリの味噌汁 | AP96: キスの魚人
A97: C009-05 | B97: クロオビ | C97: 36 | D97: =IFERROR(キャラマスタ[[#This Row],[初登場時の年齢]]+2,"") -> 38 | E97: 9 | F97: 75 | G97: 44129 | H97: =IFERROR(IF(キャラマスタ[[#This Row],[生存ステータス]]=1,1539-キャラマスタ[[#This Row],[初登場時の年齢]]+キャラマスタ[[#This Row],[死亡年]],1539-キャラマスタ[[#This Row],[初登場時の年齢]]),"") -> 1503 | I97: 252 | J97: S-014 | K97: シャーク・スパーブ号 | L97: 偉大なる航路 | N97: 魚人島・リュウグウ王国 魚人街 | R97: G-017 | S97: アーロン一味 | T97: 幹部 | V97: 男 | W97: 魚人 | X97: 海賊 | Z97: =IF(キャラマスタ[[#This Row],[生存ステータス]]=1,1539+キャラマスタ[[#This Row],[死亡年]],"") | AA97: 0 | AB97: B | AC97: 0 | AF97: 魚人空手40段 | AG97: XF | AH97: エビの刺身 | AP97: エイの魚人
A98: C009-06 | B98: シオヤキ | C98: ー | D98: =IFERROR(キャラマスタ[[#This Row],[初登場時の年齢]]+2,"") | E98: 9 | F98: 75 | G98: 44647 | H98: =IFERROR(IF(キャラマスタ[[#This Row],[生存ステータス]]=1,1539-キャラマスタ[[#This Row],[初登場時の年齢]]+キャラマスタ[[#This Row],[死亡年]],1539-キャラマスタ[[#This Row],[初登場時の年齢]]),"") | J98: S-014 | K98: シャーク・スパーブ号 | L98: リュウグウ王国 | N98: 魚人街 | R98: G-017 | S98: アーロン一味 | T98: 宴会部長 | V98: 男 | W98: 魚人 | X98: 海賊 | Z98: =IF(キャラマスタ[[#This Row],[生存ステータス]]=1,1539+キャラマスタ[[#This Row],[死亡年]],"") | AA98: - | AB98: C | AC98: 0 | AP98: サケの魚人
A99: C009-07 | B99: タケ | C99: ー | D99: =IFERROR(キャラマスタ[[#This Row],[初登場時の年齢]]+2,"") | E99: 9 | F99: 75 | G99: 44794 | H99: =IFERROR(IF(キャラマスタ[[#This Row],[生存ステータス]]=1,1539-キャラマスタ[[#This Row],[初登場時の年齢]]+キャラマスタ[[#This Row],[死亡年]],1539-キャラマスタ[[#This Row],[初登場時の年齢]]),"") | J99: S-014 | K99: シャーク・スパーブ号 | L99: リュウグウ王国 | N99: 魚人街 | R99: G-017 | S99: アーロン一味 | T99: コンパ隊長 | V99: 男 | W99: 魚人 | X99: 海賊 | Z99: =IF(キャラマスタ[[#This Row],[生存ステータス]]=1,1539+キャラマスタ[[#This Row],[死亡年]],"") | AA99: - | AB99: C | AC99: 0 | AP99: コイの魚人
A100: C009-08 | B100: プリンプリン | C100: ー | D100: =IFERROR(キャラマスタ[[#This Row],[初登場時の年齢]]+2,"") | E100: 9 | F100: 75 | G100: 44697 | H100: =IFERROR(IF(キャラマスタ[[#This Row],[生存ステータス]]=1,1539-キャラマスタ[[#This Row],[初登場時の年齢]]+キャラマスタ[[#This Row],[死亡年]],1539-キャラマスタ[[#This Row],[初登場時の年齢]]),"") | L100: 東の海 | R100: G-006 | S100: 海軍第77支部 | T100: 准将 | V100: 男 | W100: 人間 | X100: 海兵 | Z100: =IF(キャラマスタ[[#This Row],[生存ステータス]]=1,1539+キャラマスタ[[#This Row],[死亡年]],"") | AA100: 0 | AB100: B | AC100: 0
...

Sheet 悪魔の実マスタ
A1: 実ID | B1: 実の名前 | C1: 系統 | D1: キャラID | E1: 能力者 | F1: 覚醒フラグ | G1: 入手巻数 | H1: 入手年 | I1: 手放した理由
A2: F-001 | B2: ゴムゴムの実 | C2: 超人系 | D2: C001-01 | E2: =VLOOKUP(D2,キャラマスタ[],2,FALSE) -> モンキー・D・ルフィ | F2: 0 | G2: 1 | H2: -10
A3: F-002 | B3: バラバラの実 | C3: 超人系 | D3: C002-01 | E3: =VLOOKUP(D3,キャラマスタ[],2,FALSE) -> バギー | F3: 0 | G3: 2 | H3: -25
A4: F-003 | B4: スベスベの実 | C4: 超人系 | D4: C001-17 | E4: =VLOOKUP(D4,キャラマスタ[],2,FALSE) -> アルビダ | F4: 0 | G4: 11 | H4: 0
A5: F-004 | B5: モクモクの実 | C5: 自然系 | D5: C011-13 | E5: =VLOOKUP(D5,キャラマスタ[],2,FALSE) -> スモーカー | F5: 0 | G5: 11 | H5: 0
A6: F-005 | B6: ボムボムの実 | C6: 超人系 | D6: C013-02 | E6: =VLOOKUP(D6,キャラマスタ[],2,FALSE) -> Mr.5 | F6: 0 | G6: 13 | H6: 0
A7: F-006 | B7: キロキロの実 | C7: 超人系 | D7: C013-03 | E7: =VLOOKUP(D7,キャラマスタ[],2,FALSE) -> ミス・バレンタイン | F7: 0 | G7: 13 | H7: 0
A8: F-007 | B8: ハナハナの実 | C8: 超人系 | D8: C013-05 | E8: =VLOOKUP(D8,キャラマスタ[],2,FALSE) -> ミス・オールサンデー | F8: 0 | G8: 13 | H8: 0
A9: F-008 | B9: ドルドルの実 | C9: 超人系 | D9: C013-11 | E9: =VLOOKUP(D9,キャラマスタ[],2,FALSE) -> Mr.3 | F9: 0 | G9: 13 | H9: 0
A10: F-009 | E10: =VLOOKUP(D10,キャラマスタ[],2,FALSE) -> #N/A
A11: F-010 | E11: =VLOOKUP(D11,キャラマスタ[],2,FALSE) -> #N/A

Sheet 刀・武器マスタ
A1: 武器ID | B1: 武器名 | C1: 位列 | D1: 所有者ID | E1: 所有者 | F1: 製作者ID | G1: 製作者
A2: W-001 | B2: 和道一文字 | C2: 大業物 | D2: C001-21 | E2: =+IFERROR(VLOOKUP(D2,キャラマスタ[],2,FALSE),"") -> ロロノア・ゾロ | G2: 霜月コウ三郎
A3: W-002 | B3: 銀河パチンコ | D3: C003-03 | E3: =+IFERROR(VLOOKUP(D3,キャラマスタ[],2,FALSE),"") -> ウソップ
A4: W-003 | B4: 猫の手 | D4: C003-08 | E4: =+IFERROR(VLOOKUP(D4,キャラマスタ[],2,FALSE),"") -> クロ
A5: W-004 | B5: チャクラム | D5: C003-12 | E5: =+IFERROR(VLOOKUP(D5,キャラマスタ[],2,FALSE),"") -> ジャンゴ
A6: W-005 | B6: 菜斬り刀 | D6: C005-04 | E6: =+IFERROR(VLOOKUP(D6,キャラマスタ[],2,FALSE),"") -> ヨサク
A7: W-006 | B7: 夜 | C7: 最上大業物 | D7: C006-04 | E7: =+IFERROR(VLOOKUP(D7,キャラマスタ[],2,FALSE),"") -> ジュラキュール・ミホーク
A8: W-007 | B8: キリバチ | D8: C008-05 | E8: =+IFERROR(VLOOKUP(D8,キャラマスタ[],2,FALSE),"") -> アーロン
A9: W-008 | B9: 三代鬼徹 | C9: 業物 | D9: C001-21 | E9: =+IFERROR(VLOOKUP(D9,キャラマスタ[],2,FALSE),"") -> ロロノア・ゾロ | G9: 天狗山飛徹
A10: W-009 | B10: 雪走 | C10: 良業物 | D10: C001-21 | E10: =+IFERROR(VLOOKUP(D10,キャラマスタ[],2,FALSE),"") -> ロロノア・ゾロ
A11: W-010 | B11: 時雨 | C11: 業物 | D11: C011-15 | E11: =+IFERROR(VLOOKUP(D11,キャラマスタ[],2,FALSE),"") -> たしぎ
A12: W-011 | B12: フリントロック式44口径6連発リボルバー | D12: C013-02 | E12: =+IFERROR(VLOOKUP(D12,キャラマスタ[],2,FALSE),"") -> Mr.5
A13: W-012 | B13: 戦斧ブルーザーアックス | D13: C013-08 | E13: =+IFERROR(VLOOKUP(D13,キャラマスタ[],2,FALSE),"") -> ブロギー
A14: W-013 | B14: 巨剣テリーソード | D14: C013-09 | E14: =+IFERROR(VLOOKUP(D14,キャラマスタ[],2,FALSE),"") -> ドリー
A15: W-014 | E15: =+IFERROR(VLOOKUP(D15,キャラマスタ[],2,FALSE),"")
A16: W-015 | E16: =+IFERROR(VLOOKUP(D16,キャラマスタ[],2,FALSE),"")
A17: W-016 | E17: =+IFERROR(VLOOKUP(D17,キャラマスタ[],2,FALSE),"")
A18: W-017 | E18: =+IFERROR(VLOOKUP(D18,キャラマスタ[],2,FALSE),"")
A19: W-018 | E19: =+IFERROR(VLOOKUP(D19,キャラマスタ[],2,FALSE),"")
A20: W-019 | E20: =+IFERROR(VLOOKUP(D20,キャラマスタ[],2,FALSE),"")
A21: W-020 | E21: =+IFERROR(VLOOKUP(D21,キャラマスタ[],2,FALSE),"")

Sheet 船マスタ
A1: 船ID | B1: 船名 | C1: 持ち主 | D1: 造船者 | E1: 材質 | F1: 状態
A2: S-001 | B2: ゴーイング・メリー号 | C2: モンキー・D・ルフィ
A3: S-002 | B3: オーロ・ジャクソン号 | C3: ゴール・D・ロジャー
A4: S-003 | B4: レッド・フォース号 | C4: シャンクス
A5: S-004 | B5: Missラブ・ダック号 | C5: アルビダ
A6: S-005 | B6: ビッグトップ号 | C6: バギー
A7: S-006 | B7: マチナ・ハレルヤ号
A8: S-007 | B8: べザン・ブラック号 | C8: ジャンゴ
A9: S-008 | B9: バウンティ丸
A10: S-009 | B10: バラティエ | C10: ゼフ
A11: S-010 | B11: クッキング・ジョージ号 | C11: ゼフ
A12: S-011 | B12: ドレッドノート・サーベル号 | C12: クリーク
A13: S-012 | B13: 棺船 | C13: ジュラキュール・ミホーク
A14: S-013 | B14: 客船オービット号
A15: S-014 | B15: シャーク・スパーブ号
A16: S-015 | B16: ガープの軍艦 | C16: モンキー・D・ガープ
A17: S-016 | B17: ヴィント・グランマ号 | C17: モンキー・D・ドラゴン
A18: S-017 | B18: ポップロックキャンディ号 | C18: Mr.5
A19: S-018 | B19: グレート・エイリーク号
A20: S-019 | B20: 智略天然丸 | C20: Mr.3
A21: S-020

Sheet 場所マスタ
A1: 場所ID | B1: 地域 | C1: 島名・海域 | D1: 国名 | E1: 地名 | F1: 表示名 | G1: エリアID | H1: X | I1: Y
A2: L-001 | B2: 東の海 | C2: ドーン島 | D2: ゴア王国 | E2: フーシャ村 | F2: フーシャ村 | H2: =+テーブル13[[#This Row],[X座標]] -> 682 | I2: =+テーブル13[[#This Row],[Y座標]] -> 390.5
A3: L-002 | B3: 東の海 | C3: ドーン島 | D3: ゴア王国 | E3: フーシャ村近海 | F3: フーシャ村近海 | H3: =+テーブル13[[#This Row],[X座標]] -> 679.5 | I3: =+テーブル13[[#This Row],[Y座標]] -> 380
A4: L-003 | B4: 東の海 | C4: ゴート島 | D4: （不明） | E4: （不明） | F4: ゴート島 | H4: =+テーブル13[[#This Row],[X座標]] -> 632.5 | I4: =+テーブル13[[#This Row],[Y座標]] -> 379.5
A5: L-004 | B5: 東の海 | C5: ヨツバ島海域 | D5: （不明） | E5: シェルズタウン | F5: シェルズタウン | H5: =+テーブル13[[#This Row],[X座標]] -> 647.5 | I5: =+テーブル13[[#This Row],[Y座標]] -> 425.5
A6: L-005 | B6: 東の海 | C6: （不明） | D6: （不明） | E6: シモツキ村 | F6: シモツキ村 | H6: =+テーブル13[[#This Row],[X座標]] -> 694.5 | I6: =+テーブル13[[#This Row],[Y座標]] -> 410.5
A7: L-006 | B7: 東の海 | C7: オルガン諸島 | D7: （不明） | E7: オレンジの町 | F7: オレンジの町 | H7: =+テーブル13[[#This Row],[X座標]] -> 545 | I7: =+テーブル13[[#This Row],[Y座標]] -> 342.5
A8: L-007 | B8: 不明 | C8: 不明 | D8: 不明 | E8: 不明 | F8: 不明 | H8: =+テーブル13[[#This Row],[X座標]] -> 71 | I8: =+テーブル13[[#This Row],[Y座標]] -> 428
A9: L-008 | B9: 東の海 | C9: ヨツバ島海域 | D9: （不明） | E9: シェルズタウン近海 | F9: シェルズタウン近海 | H9: =+テーブル13[[#This Row],[X座標]] -> 647.5 | I9: =+テーブル13[[#This Row],[Y座標]] -> 407
A10: L-009 | B10: 東の海 | C10: 珍獣島 | D10: （不明） | E10: （不明） | F10: 珍獣島 | H10: =+テーブル13[[#This Row],[X座標]] -> 487 | I10: =+テーブル13[[#This Row],[Y座標]] -> 319.5
A11: L-010 | B11: 東の海 | C11: ゲッコー諸島 | D11: （不明） | E11: シロップ村 | F11: シロップ村 | H11: =+テーブル13[[#This Row],[X座標]] -> 425 | I11: =+テーブル13[[#This Row],[Y座標]] -> 281
A12: L-011 | B12: 東の海 | C12: オルガン諸島 | D12: （不明） | E12: オレンジの町近海 | F12: オレンジの町近海 | H12: =+テーブル13[[#This Row],[X座標]] -> 566.5 | I12: =+テーブル13[[#This Row],[Y座標]] -> 329
A13: L-012 | B13: 東の海 | C13: ゲッコー諸島 | D13: （不明） | E13: シロップ村近海 | F13: シロップ村近海 | H13: =+テーブル13[[#This Row],[X座標]] -> 406.5 | I13: =+テーブル13[[#This Row],[Y座標]] -> 263.5
... A30: L-029 | B30: 偉大なる航路 | C30: （不明） | D30: （不明） | E30: マリンフォード | F30: 海軍本部 | H30: =+テーブル13[[#This Row],[X座標]] -> 684.5 | I30: =+テーブル13[[#This Row],[Y座標]] -> 12.5
A31: L-030

Sheet 技マスタ
A1: 技ID | B1: 技名 | C1: 使用者ID | D1: 使用者 | E1: 系統 | F1: ルーツID | G1: 初出巻数 | H1: 初出話数 | I1: 通算日 | J1: 決め技カウント | K1: 使用回数
A2: M-001 | B2: ゴムゴムの銃（ピストル） | C2: C001-01 | D2: =VLOOKUP(C2,キャラマスタ[],2,FALSE) -> モンキー・D・ルフィ | E2: 打撃 | F2: F-001 | G2: 1 | H2: 1 | I2: 1 | J2: =+SUMIF(技ログ!C:C,A2,技ログ!I:I) -> 3 | K2: =+COUNTIF(技ログ!C:C,技マスタ[[#This Row],[技ID]]) -> 8
A3: M-002 | B3: ゴムゴムのロケット | C3: C001-01 | D3: =VLOOKUP(C3,キャラマスタ[],2,FALSE) -> モンキー・D・ルフィ | E3: 移動 | F3: F-001 | G3: 1 | H3: 4 | I3: 1.3 | J3: =+SUMIF(技ログ!C:C,A3,技ログ!I:I) -> 0 | K3: =+COUNTIF(技ログ!C:C,技マスタ[[#This Row],[技ID]]) -> 3
A4: M-003 | B4: ゴムゴムの鞭（ムチ） | C4: C001-01 | D4: =VLOOKUP(C4,キャラマスタ[],2,FALSE) -> モンキー・D・ルフィ | E4: 打撃 | F4: F-001 | G4: 1 | H4: 6 | I4: 1.4 | J4: =+SUMIF(技ログ!C:C,A4,技ログ!I:I) -> 0 | K4: =+COUNTIF(技ログ!C:C,技マスタ[[#This Row],[技ID]]) -> 3
A5: M-004 | B5: 特製バギー玉 | C5: C002-01 | D5: =VLOOKUP(C5,キャラマスタ[],2,FALSE) -> バギー | E5: 射撃 | F5: F-002 | G5: 2 | H5: 10 | I5: 1.8 | J5: =+SUMIF(技ログ!C:C,A5,技ログ!I:I) -> 0 | K5: =+COUNTIF(技ログ!C:C,技マスタ[[#This Row],[技ID]]) -> 3
A6: M-005 | B6: バラバラ砲 | C6: C002-01 | D6: =VLOOKUP(C6,キャラマスタ[],2,FALSE) -> バギー | E6: 特殊 | F6: F-002 | G6: 2 | H6: 11 | I6: 1.8 | J6: =+SUMIF(技ログ!C:C,A6,技ログ!I:I) -> 0 | K6: =+COUNTIF(技ログ!C:C,技マスタ[[#This Row],[技ID]]) -> 1
A7: M-006 | B7: ゴムゴムの槌（ツチ） | C7: C001-01 | D7: =VLOOKUP(C7,キャラマスタ[],2,FALSE) -> モンキー・D・ルフィ | E7: 打撃 | F7: F-001 | G7: 2 | H7: 13 | I7: 1.8 | J7: =+SUMIF(技ログ!C:C,A7,技ログ!I:I) -> 1 | K7: =+COUNTIF(技ログ!C:C,技マスタ[[#This Row],[技ID]]) -> 1
A8: M-007 | B8: ゴムゴムの風船 | C8: C001-01 | D8: =VLOOKUP(C8,キャラマスタ[],2,FALSE) -> モンキー・D・ルフィ | E8: 特殊 | F8: F-001 | G8: 2 | H8: 15 | I8: 1.8 | J8: =+SUMIF(技ログ!C:C,A8,技ログ!I:I) -> 0 | K8: =+COUNTIF(技ログ!C:C,技マスタ[[#This Row],[技ID]]) -> 3
A9: M-008 | B9: 曲技”火事おやじ” | C9: C002-10 | D9: =VLOOKUP(C9,キャラマスタ[],2,FALSE) -> カバジ | E9: 特殊 | G9: 2 | H9: 16 | I9: 1.8 | J9: =+SUMIF(技ログ!C:C,A9,技ログ!I:I) -> 0 | K9: =+COUNTIF(技ログ!C:C,技マスタ[[#This Row],[技ID]]) -> 1
A10: M-009 | B10: 曲技”湯けむり殺人事件” | C10: C002-10 | D10: =VLOOKUP(C10,キャラマスタ[],2,FALSE) -> カバジ | E10: 特殊 | G10: 2 | H10: 16 | I10: 1.8 | J10: =+SUMIF(技ログ!C:C,A10,技ログ!I:I) -> 0 | K10: =+COUNTIF(技ログ!C:C,技マスタ[[#This Row],[技ID]]) -> 1
A11: M-010 | B11: 曲技”カミカゼ百コマ劇場” | C11: C002-10 | D11: =VLOOKUP(C11,キャラマスタ[],2,FALSE) -> カバジ | E11: 特殊 | G11: 2 | H11: 17 | I11: 1.8 | J11: =+SUMIF(技ログ!C:C,A11,技ログ!I:I) -> 0 | K11: =+COUNTIF(技ログ!C:C,技マスタ[[#This Row],[技ID]]) -> 1
A12: M-011 | B12: 曲技”山登ろー” | C12: C002-10 | D12: =VLOOKUP(C12,キャラマスタ[],2,FALSE) -> カバジ | E12: 特殊 | G12: 2 | H12: 17 | I12: 1.8 | J12: =+SUMIF(技ログ!C:C,A12,技ログ!I:I) -> 0 | K12: =+COUNTIF(技ログ!C:C,技マスタ[[#This Row],[技ID]]) -> 1
A13: M-012 | B13: 曲技”納涼打ち上げ花火” | C13: C002-10 | D13: =VLOOKUP(C13,キャラマスタ[],2,FALSE) -> カバジ | E13: 特殊 | G13: 2 | H13: 17 | I13: 1.8 | J13: =+SUMIF(技ログ!C:C,A13,技ログ!I:I) -> 0 | K13: =+COUNTIF(技ログ!C:C,技マスタ[[#This Row],[技ID]]) -> 1
A14: M-013 | B14: ”一輪刺し” | C14: C002-10 | D14: =VLOOKUP(C14,キャラマスタ[],2,FALSE) -> カバジ | E14: 斬撃 | G14: 2 | H14: 17 | I14: 1.8 | J14: =+SUMIF(技ログ!C:C,A14,技ログ!I:I) -> 0 | K14: =+COUNTIF(技ログ!C:C,技マスタ[[#This Row],[技ID]]) -> 1
A15: M-014 | B15: 地をはう”バラバラ砲” | C15: C002-01 | D15: =VLOOKUP(C15,キャラマスタ[],2,FALSE) -> バギー | E15: 射撃 | F15: F-002 | G15: 2 | H15: 17 | I15: 1.8 | J15: =+SUMIF(技ログ!C:C,A15,技ログ!I:I) -> 0 | K15: =+COUNTIF(技ログ!C:C,技マスタ[[#This Row],[技ID]]) -> 1
A16: M-015 | B16: 鬼斬り | C16: C001-21 | D16: =VLOOKUP(C16,キャラマスタ[],2,FALSE) -> ロロノア・ゾロ | E16: 斬撃 | G16: 2 | H16: 17 | I16: 1.8 | J16: =+SUMIF(技ログ!C:C,A16,技ログ!I:I) -> 1 | K16: =+COUNTIF(技ログ!C:C,技マスタ[[#This Row],[技ID]]) -> 4
A17: M-016 | B17: バラバラせんべい | C17: C002-01 | D17: =VLOOKUP(C17,キャラマスタ[],2,FALSE) -> バギー | E17: 斬撃 | F17: F-002 | G17: 3 | H17: 18 | I17: 1.8 | J17: =+SUMIF(技ログ!C:C,A17,技ログ!I:I) -> 0 | K17: =+COUNTIF(技ログ!C:C,技マスタ[[#This Row],[技ID]]) -> 1
A18: M-017 | B18: バラバラ緊急脱出 | C18: C002-01 | D18: =VLOOKUP(C18,キャラマスタ[],2,FALSE) -> バギー | E18: 特殊 | F18: F-002 | G18: 3 | H18: 18 | I18: 1.8 | J18: =+SUMIF(技ログ!C:C,A18,技ログ!I:I) -> 0 | K18: =+COUNTIF(技ログ!C:C,技マスタ[[#This Row],[技ID]]) -> 2
A19: M-018 | B19: ゴムゴムの鎌 | C19: C001-01 | D19: =VLOOKUP(C19,キャラマスタ[],2,FALSE) -> モンキー・D・ルフィ | E19: 打撃 | F19: F-001 | G19: 3 | H19: 18 | I19: 1.8 | J19: =+SUMIF(技ログ!C:C,A19,技ログ!I:I) -> 0 | K19: =+COUNTIF(技ログ!C:C,技マスタ[[#This Row],[技ID]]) -> 1
A20: M-019 | B20: バラバラ砲・切り離し | C20: C002-01 | D20: =VLOOKUP(C20,キャラマスタ[],2,FALSE) -> バギー | E20: 斬撃 | F20: F-002 | G20: 3 | H20: 18 | I20: 1.8 | J20: =+SUMIF(技ログ!C:C,A20,技ログ!I:I) -> 0 | K20: =+COUNTIF(技ログ!C:C,技マスタ[[#This Row],[技ID]]) -> 1
A21: M-020 | B21: バラバラフェスティバル | C21: C002-01 | D21: =VLOOKUP(C21,キャラマスタ[],2,FALSE) -> バギー | E21: 特殊 | F21: F-002 | G21: 3 | H21: 20 | I21: 1.8 | J21: =+SUMIF(技ログ!C:C,A21,技ログ!I:I) -> 0 | K21: =+COUNTIF(技ログ!C:C,技マスタ[[#This Row],[技ID]]) -> 2
A22: M-021 | B22: ゴムゴムのバズーカ | C22: C001-01 | D22: =VLOOKUP(C22,キャラマスタ[],2,FALSE) -> モンキー・D・ルフィ | E22: 打撃 | F22: F-001 | G22: 3 | H22: 20 | I22: 1.8 | J22: =+SUMIF(技ログ!C:C,A22,技ログ!I:I) -> 1 | K22: =+COUNTIF(技ログ!C:C,技マスタ[[#This Row],[技ID]]) -> 5
A23: M-022 | B23: ワン・ツー・ジャンゴ | C23: C003-12 | D23: =VLOOKUP(C23,キャラマスタ[],2,FALSE) -> ジャンゴ | E23: 特殊 | G23: 3 | H23: 25 | I23: 2.5 | J23: =+SUMIF(技ログ!C:C,A23,技ログ!I:I) -> 0 | K23: =+COUNTIF(技ログ!C:C,技マスタ[[#This Row],[技ID]]) -> 6
A24: M-023 | B24: まきびし地獄 | C24: C003-03 | D24: =VLOOKUP(C24,キャラマスタ[],2,FALSE) -> ウソップ | E24: 特殊 | G24: 4 | H24: 29 | I24: 3 | J24: =+SUMIF(技ログ!C:C,A24,技ログ!I:I) -> 0 | K24: =+COUNTIF(技ログ!C:C,技マスタ[[#This Row],[技ID]]) -> 2
A25: M-024 | B25: 鉛星 | C25: C003-03 | D25: =VLOOKUP(C25,キャラマスタ[],2,FALSE) -> ウソップ | E25: 射撃 | G25: 4 | H25: 29 | I25: 3 | J25: =+SUMIF(技ログ!C:C,A25,技ログ!I:I) -> 0 | K25: =+COUNTIF(技ログ!C:C,技マスタ[[#This Row],[技ID]]) -> 4
A26: M-025 | B26: ゴムゴムの銃乱打（ガトリング） | C26: C001-01 | D26: =VLOOKUP(C26,キャラマスタ[],2,FALSE) -> モンキー・D・ルフィ | E26: 打撃 | F26: F-001 | G26: 4 | H26: 30 | I26: 3 | J26: =+SUMIF(技ログ!C:C,A26,技ログ!I:I) -> 0 | K26: =+COUNTIF(技ログ!C:C,技マスタ[[#This Row],[技ID]]) -> 3
A27: M-026 | B27: ネコババ | C27: C004-01 | D27: =VLOOKUP(C27,キャラマスタ[],2,FALSE) -> シャム | E27: 特殊 | G27: 4 | H27: 32 | I27: 3 | J27: =+SUMIF(技ログ!C:C,A27,技ログ!I:I) -> 0 | K27: =+COUNTIF(技ログ!C:C,技マスタ[[#This Row],[技ID]]) -> 1
A28: M-027 | B28: 猫殺 キャット・ザ・フンジャッタ | C28: C004-02 | D28: =VLOOKUP(C28,キャラマスタ[],2,FALSE) -> ブチ | E28: 打撃 | G28: 4 | H28: 32 | I28: 3 | J28: =+SUMIF(技ログ!C:C,A28,技ログ!I:I) -> 0 | K28: =+COUNTIF(技ログ!C:C,技マスタ[[#This Row],[技ID]]) -> 2
A29: M-028 | B29: ネコ柳大行進 | C29: C004-01 | D29: =VLOOKUP(C29,キャラマスタ[],2,FALSE) -> シャム | E29: 斬撃 | G29: 4 | H29: 32 | I29: 3 | J29: =+SUMIF(技ログ!C:C,A29,技ログ!I:I) -> 0 | K29: =+COUNTIF(技ログ!C:C,技マスタ[[#This Row],[技ID]]) -> 2
A30: M-029 | B30: 抜き足 | C30: C003-08 | D30: =VLOOKUP(C30,キャラマスタ[],2,FALSE) -> クロ | E30: 特殊 | G30: 4 | H30: 33 | I30: 3 | J30: =+SUMIF(技ログ!C:C,A30,技ログ!I:I) -> 0 | K30: =+COUNTIF(技ログ!C:C,技マスタ[[#This Row],[技ID]]) -> 2
A31: M-030 | B31: 虎狩り | C31: C001-21 | D31: =VLOOKUP(C31,キャラマスタ[],2,FALSE) -> ロロノア・ゾロ | E31: 斬撃 | G31: 4 | H31: 33 | I31: 3 | J31: =+SUMIF(技ログ!C:C,A31,技ログ!I:I) -> 1 | K31: =+COUNTIF(技ログ!C:C,技マスタ[[#This Row],[技ID]]) -> 3
A32: M-031 | B32: ゴムゴムの槍（ヤリ） | C32: C001-01 | D32: =VLOOKUP(C32,キャラマスタ[],2,FALSE) -> モンキー・D・ルフィ | E32: 打撃 | F32: F-001 | G32: 5 | H32: 36 | I32: 3 | J32: =+SUMIF(技ログ!C:C,A32,技ログ!I:I) -> 0 | K32: =+COUNTIF(技ログ!C:C,技マスタ[[#This Row],[技ID]]) -> 1
A33: M-032 | B33: コショー目つぶし | C33: C003-07 | D33: =VLOOKUP(C33,キャラマスタ[],2,FALSE) -> たまねぎ | E33: 特殊 | G33: 5 | H33: 38 | I33: 3 | J33: =+SUMIF(技ログ!C:C,A33,技ログ!I:I) -> 0 | K33: =+COUNTIF(技ログ!C:C,技マスタ[[#This Row],[技ID]]) -> 1
A34: M-033 | B34: 杓死 | C34: C003-08 | D34: =VLOOKUP(C34,キャラマスタ[],2,FALSE) -> クロ | E34: 斬撃 | G34: 5 | H34: 38 | I34: 3 | J34: =+SUMIF(技ログ!C:C,A34,技ログ!I:I) -> 0 | K34: =+COUNTIF(技ログ!C:C,技マスタ[[#This Row],[技ID]]) -> 1
A35: M-034 | B35: 火薬星 | C35: C003-03 | D35: =VLOOKUP(C35,キャラマスタ[],2,FALSE) -> ウソップ | E35: 射撃 | G35: 5 | H35: 39 | I35: 3 | J35: =+SUMIF(技ログ!C:C,A35,技ログ!I:I) -> 1 | K35: =+COUNTIF(技ログ!C:C,技マスタ[[#This Row],[技ID]]) -> 2
A36: M-035 | B36: ゴムゴムの鐘（カネ） | C36: C001-01 | D36: =VLOOKUP(C36,キャラマスタ[],2,FALSE) -> モンキー・D・ルフィ | E36: 打撃 | F36: F-001 | G36: 5 | H36: 39 | I36: 3 | J36: =+SUMIF(技ログ!C:C,A36,技ログ!I:I) -> 1 | K36: =+COUNTIF(技ログ!C:C,技マスタ[[#This Row],[技ID]]) -> 2
A37: M-036 | B37: 料理長義足キック | C37: C005-10 | D37: =VLOOKUP(C37,キャラマスタ[],2,FALSE) -> ゼフ | E37: 打撃 | G37: 5 | H37: 44 | I37: 5 | J37: =+SUMIF(技ログ!C:C,A37,技ログ!I:I) -> 0 | K37: =+COUNTIF(技ログ!C:C,技マスタ[[#This Row],[技ID]]) -> 1
A38: M-037 | B38: 料理長ドロップ | C38: C005-10 | D38: =VLOOKUP(C38,キャラマスタ[],2,FALSE) -> ゼフ | E38: 打撃 | G38: 5 | H38: 44 | I38: 5 | J38: =+SUMIF(技ログ!C:C,A38,技ログ!I:I) -> 0 | K38: =+COUNTIF(技ログ!C:C,技マスタ[[#This Row],[技ID]]) -> 1
A39: M-038 | B39: 食あたり砲弾（ミートボール） | C39: C005-12 | D39: =VLOOKUP(C39,キャラマスタ[],2,FALSE) -> パティ | E39: 射撃 | G39: 6 | H39: 47 | I39: 7 | J39: =+SUMIF(技ログ!C:C,A39,技ログ!I:I) -> 0 | K39: =+COUNTIF(技ログ!C:C,技マスタ[[#This Row],[技ID]]) -> 1
A40: M-039 | B40: 三刀流奥義 三・千・世・界 | C40: C001-21 | D40: =VLOOKUP(C40,キャラマスタ[],2,FALSE) -> ロロノア・ゾロ | E40: 斬撃 | G40: 6 | H40: 51 | I40: 7 | J40: =+SUMIF(技ログ!C:C,A40,技ログ!I:I) -> 0 | K40: =+COUNTIF(技ログ!C:C,技マスタ[[#This Row],[技ID]]) -> 1
A41: M-040 | B41: ゴムゴムの大鎌 | C41: C001-01 | D41: =VLOOKUP(C41,キャラマスタ[],2,FALSE) -> モンキー・D・ルフィ | E41: 打撃 | F41: F-001 | G41: 6 | H41: 53 | I41: 7 | J41: =+SUMIF(技ログ!C:C,A41,技ログ!I:I) -> 0 | K41: =+COUNTIF(技ログ!C:C,技マスタ[[#This Row],[技ID]]) -> 1
A42: M-041 | B42: ファイヤーパール大特典 | C42: C007-01 | D42: =VLOOKUP(C42,キャラマスタ[],2,FALSE) -> パール | E42: 打撃 | G42: 7 | H42: 55 | I42: 7 | J42: =+SUMIF(技ログ!C:C,A42,技ログ!I:I) -> 0 | K42: =+COUNTIF(技ログ!C:C,技マスタ[[#This Row],[技ID]]) -> 1
A43: M-042 | B43: ファイヤーパールプレゼント | C43: C007-01 | D43: =VLOOKUP(C43,キャラマスタ[],2,FALSE) -> パール | E43: 打撃 | G43: 7 | H43: 55 | I43: 7 | J43: =+SUMIF(技ログ!C:C,A43,技ログ!I:I) -> 0 | K43: =+COUNTIF(技ログ!C:C,技マスタ[[#This Row],[技ID]]) -> 1
A44: M-043 | B44: 超天然パールプレゼント | C44: C007-01 | D44: =VLOOKUP(C44,キャラマスタ[],2,FALSE) -> パール | E44: 打撃 | G44: 7 | H44: 56 | I44: 7 | J44: =+SUMIF(技ログ!C:C,A44,技ログ!I:I) -> 0 | K44: =+COUNTIF(技ログ!C:C,技マスタ[[#This Row],[技ID]]) -> 1
A45: M-044 | B45: パールクローズ | C45: C007-01 | D45: =VLOOKUP(C45,キャラマスタ[],2,FALSE) -> パール | E45: 打撃 | G45: 7 | H45: 56 | I45: 7 | J45: =+SUMIF(技ログ!C:C,A45,技ログ!I:I) -> 0 | K45: =+COUNTIF(技ログ!C:C,技マスタ[[#This Row],[技ID]]) -> 1
A46: M-045 | B46: サービスパールイブシギンプレゼント | C46: C007-01 | D46: =VLOOKUP(C46,キャラマスタ[],2,FALSE) -> パール | E46: 打撃 | G46: 7 | H46: 56 | I46: 7 | J46: =+SUMIF(技ログ!C:C,A46,技ログ!I:I) -> 0 | K46: =+COUNTIF(技ログ!C:C,技マスタ[[#This Row],[技ID]]) -> 1
A47: M-046 | B47: ダメ押しパールプレゼント | C47: C007-01 | D47: =VLOOKUP(C47,キャラマスタ[],2,FALSE) -> パール | E47: 打撃 | G47: 7 | H47: 59 | I47: 7 | J47: =+SUMIF(技ログ!C:C,A47,技ログ!I:I) -> 0 | K47: =+COUNTIF(技ログ!C:C,技マスタ[[#This Row],[技ID]]) -> 1
A48: M-047 | B48: ゴムゴムの戦斧（オノ） | C48: C001-01 | D48: =VLOOKUP(C48,キャラマスタ[],2,FALSE) -> モンキー・D・ルフィ | E48: 打撃 | F48: F-001 | G48: 7 | H48: 59 | I48: 7 | J48: =+SUMIF(技ログ!C:C,A48,技ログ!I:I) -> 1 | K48: =+COUNTIF(技ログ!C:C,技マスタ[[#This Row],[技ID]]) -> 2
A49: M-048 | B49: 炸裂手裏剣 | C49: C006-03 | D49: =VLOOKUP(C49,キャラマスタ[],2,FALSE) -> クリーク | E49: 斬撃 | G49: 7 | H49: 60 | I49: 7 | J49: =+SUMIF(技ログ!C:C,A49,技ログ!I:I) -> 0 | K49: =+COUNTIF(技ログ!C:C,技マスタ[[#This Row],[技ID]]) -> 1
A50: M-049 | B50: M・H・５ | C50: C006-03 | D50: =VLOOKUP(C50,キャラマスタ[],2,FALSE) -> クリーク | E50: 射撃 | G50: 7 | H50: 62 | I50: 7 | J50: =+SUMIF(技ログ!C:C,A50,技ログ!I:I) -> 0 | K50: =+COUNTIF(技ログ!C:C,技マスタ[[#This Row],[技ID]]) -> 1
A51: M-050 | B51: 剣山マント | C51: C006-03 | D51: =VLOOKUP(C51,キャラマスタ[],2,FALSE) -> クリーク | E51: 斬撃 | G51: 8 | H51: 63 | I51: 7 | J51: =+SUMIF(技ログ!C:C,A51,技ログ!I:I) -> 0 | K51: =+COUNTIF(技ログ!C:C,技マスタ[[#This Row],[技ID]]) -> 1
A52: M-051 | B52: ゴムゴムの銃弾（ブレット） | C52: C001-01 | D52: =VLOOKUP(C52,キャラマスタ[],2,FALSE) -> モンキー・D・ルフィ | E52: 打撃 | F52: F-001 | G52: 8 | H52: 63 | I52: 7 | J52: =+SUMIF(技ログ!C:C,A52,技ログ!I:I) -> 0 | K52: =+COUNTIF(技ログ!C:C,技マスタ[[#This Row],[技ID]]) -> 3
A53: M-052 | B53: 大戦槍 | C53: C006-03 | D53: =VLOOKUP(C53,キャラマスタ[],2,FALSE) -> クリーク | E53: 斬撃 | G53: 8 | H53: 64 | I53: 7 | J53: =+SUMIF(技ログ!C:C,A53,技ログ!I:I) -> 0 | K53: =+COUNTIF(技ログ!C:C,技マスタ[[#This Row],[技ID]]) -> 1
A54: M-053 | B54: ゴムゴムの大槌（オオヅチ） | C54: C001-01 | D54: =VLOOKUP(C54,キャラマスタ[],2,FALSE) -> モンキー・D・ルフィ | E54: 打撃 | F54: F-001 | G54: 8 | H54: 66 | I54: 7 | J54: =+SUMIF(技ログ!C:C,A54,技ログ!I:I) -> 1 | K54: =+COUNTIF(技ログ!C:C,技マスタ[[#This Row],[技ID]]) -> 1
A55: M-054 | B55: 卵星 | C55: C003-03 | D55: =VLOOKUP(C55,キャラマスタ[],2,FALSE) -> ウソップ | E55: 射撃 | G55: 9 | H55: 72 | I55: 8.7 | J55: =+SUMIF(技ログ!C:C,A55,技ログ!I:I) -> 0 | K55: =+COUNTIF(技ログ!C:C,技マスタ[[#This Row],[技ID]]) -> 2
A56: M-055 | B56: 首肉（コリエ）シュート | C56: C005-09 | D56: =VLOOKUP(C56,キャラマスタ[],2,FALSE) -> サンジ | E56: 打撃 | G56: 9 | H56: 73 | I56: 8.7 | J56: =+SUMIF(技ログ!C:C,A56,技ログ!I:I) -> 1 | K56: =+COUNTIF(技ログ!C:C,技マスタ[[#This Row],[技ID]]) -> 1
A57: M-056 | B57: 煙星 | C57: C003-03 | D57: =VLOOKUP(C57,キャラマスタ[],2,FALSE) -> ウソップ | E57: 射撃 | G57: 9 | H57: 74 | I57: 8.7 | J57: =+SUMIF(技ログ!C:C,A57,技ログ!I:I) -> 0 | K57: =+COUNTIF(技ログ!C:C,技マスタ[[#This Row],[技ID]]) -> 1
A58: M-057 | B58: 水鉄砲 | C58: C009-04 | D58: =VLOOKUP(C58,キャラマスタ[],2,FALSE) -> チュウ | E58: 射撃 | G58: 9 | H58: 75 | I58: 8.7 | J58: =+SUMIF(技ログ!C:C,A58,技ログ!I:I) -> 0 | K58: =+COUNTIF(技ログ!C:C,技マスタ[[#This Row],[技ID]]) -> 2
A59: M-058 | B59: ゴムゴムの風車 | C59: C001-01 | D59: =VLOOKUP(C59,キャラマスタ[],2,FALSE) -> モンキー・D・ルフィ | E59: 打撃 | F59: F-001 | G59: 10 | H59: 82 | I59: 8.7 | J59: =+SUMIF(技ログ!C:C,A59,技ログ!I:I) -> 1 | K59: =+COUNTIF(技ログ!C:C,技マスタ[[#This Row],[技ID]]) -> 1
A60: M-059 | B60: たこはちブラック | C60: C008-06 | D60: =VLOOKUP(C60,キャラマスタ[],2,FALSE) -> はっちゃん | E60: 射撃 | G60: 10 | H60: 83 | I60: 8.7 | J60: =+SUMIF(技ログ!C:C,A60,技ログ!I:I) -> 0 | K60: =+COUNTIF(技ログ!C:C,技マスタ[[#This Row],[技ID]]) -> 2
A61: M-060 | B61: たこはちブラック オン・ザ ロック | C61: C008-06 | D61: =VLOOKUP(C61,キャラマスタ[],2,FALSE) -> はっちゃん | E61: 射撃 | G61: 10 | H61: 83 | I61: 8.7 | J61: =+SUMIF(技ログ!C:C,A61,技ログ!I:I) -> 0 | K61: =+COUNTIF(技ログ!C:C,技マスタ[[#This Row],[技ID]]) -> 1
A62: M-061 | B62: 火炎星 | C62: C003-03 | D62: =VLOOKUP(C62,キャラマスタ[],2,FALSE) -> ウソップ | E62: 射撃 | G62: 10 | H62: 83 | I62: 8.7 | J62: =+SUMIF(技ログ!C:C,A62,技ログ!I:I) -> 0 | K62: =+COUNTIF(技ログ!C:C,技マスタ[[#This Row],[技ID]]) -> 2
A63: M-062 | B63: 蛸・三・連・真・剣・白・刃・取り | C63: C008-06 | D63: =VLOOKUP(C63,キャラマスタ[],2,FALSE) -> はっちゃん | E63: 特殊 | G63: 10 | H63: 84 | I63: 8.7 | J63: =+SUMIF(技ログ!C:C,A63,技ログ!I:I) -> 0 | K63: =+COUNTIF(技ログ!C:C,技マスタ[[#This Row],[技ID]]) -> 1
A64: M-063 | B64: タコハチ 吸盤 （ナンバーナイン） | C64: C008-06 | D64: =VLOOKUP(C64,キャラマスタ[],2,FALSE) -> はっちゃん | E64: 特殊 | G64: 10 | H64: 84 | I64: 8.7 | J64: =+SUMIF(技ログ!C:C,A64,技ログ!I:I) -> 0 | K64: =+COUNTIF(技ログ!C:C,技マスタ[[#This Row],[技ID]]) -> 1
A65: M-064 | B65: タコ焼きパンチ | C65: C008-06 | D65: =VLOOKUP(C65,キャラマスタ[],2,FALSE) -> はっちゃん | E65: 打撃 | G65: 10 | H65: 84 | I65: 8.7 | J65: =+SUMIF(技ログ!C:C,A65,技ログ!I:I) -> 0 | K65: =+COUNTIF(技ログ!C:C,技マスタ[[#This Row],[技ID]]) -> 2
A66: M-065 | B66: 六刀流 蛸足奇剣 | C66: C008-06 | D66: =VLOOKUP(C66,キャラマスタ[],2,FALSE) -> はっちゃん | E66: 斬撃 | G66: 10 | H66: 85 | I66: 8.7 | J66: =+SUMIF(技ログ!C:C,A66,技ログ!I:I) -> 0 | K66: =+COUNTIF(技ログ!C:C,技マスタ[[#This Row],[技ID]]) -> 1
A67: M-066 | B67: 三刀流 刀狼流し （とうろうながし） | C67: C001-21 | D67: =VLOOKUP(C67,キャラマスタ[],2,FALSE) -> ロロノア・ゾロ | E67: 斬撃 | G67: 10 | H67: 85 | I67: 8.7 | J67: =+SUMIF(技ログ!C:C,A67,技ログ!I:I) -> 0 | K67: =+COUNTIF(技ログ!C:C,技マスタ[[#This Row],[技ID]]) -> 1
A68: M-067 | B68: 六刀流「タコツボの構え」 新・春 蛸・開げ 体壊 | C68: C008-06 | D68: =VLOOKUP(C68,キャラマスタ[],2,FALSE) -> はっちゃん | E68: 斬撃 | G68: 10 | H68: 85 | I68: 8.7 | J68: =+SUMIF(技ログ!C:C,A68,技ログ!I:I) -> 0 | K68: =+COUNTIF(技ログ!C:C,技マスタ[[#This Row],[技ID]]) -> 1
A69: M-068 | B69: 六刀流 奥義 六刀の円舞曲 | C69: C008-06 | D69: =VLOOKUP(C69,キャラマスタ[],2,FALSE) -> はっちゃん | E69: 斬撃 | G69: 10 | H69: 85 | I69: 8.7 | J69: =+SUMIF(技ログ!C:C,A69,技ログ!I:I) -> 0 | K69: =+COUNTIF(技ログ!C:C,技マスタ[[#This Row],[技ID]]) -> 1
A70: M-069 | B70: 龍巻き | C70: C001-21 | D70: =VLOOKUP(C70,キャラマスタ[],2,FALSE) -> ロロノア・ゾロ | E70: 斬撃 | G70: 10 | H70: 85 | I70: 8.7 | J70: =+SUMIF(技ログ!C:C,A70,技ログ!I:I) -> 1 | K70: =+COUNTIF(技ログ!C:C,技マスタ[[#This Row],[技ID]]) -> 1
A71: M-070 | B71: 魚人空手 腕刀切り | C71: C009-05 | D71: =VLOOKUP(C71,キャラマスタ[],2,FALSE) -> クロオビ | E71: 打撃 | G71: 10 | H71: 86 | I71: 8.7 | J71: =+SUMIF(技ログ!C:C,A71,技ログ!I:I) -> 0 | K71: =+COUNTIF(技ログ!C:C,技マスタ[[#This Row],[技ID]]) -> 1
... A94: M-093 | B94: 鮫（シャーク）・ON・DARTS | C94: C008-05 | D94: =VLOOKUP(C94,キャラマスタ[],2,FALSE) -> アーロン | E94: 斬撃 | G94: 11 | H94: 91 | I94: 8.7 | J94: =+SUMIF(技ログ!C:C,A94,技ログ!I:I) -> 0 | K94: =+COUNTIF(技ログ!C:C,技マスタ[[#This Row],[技ID]]) -> 5
A95: M-094 | B95: ゴムゴムの盾 | C95: C001-01 | D95: =VLOOKUP(C95,キャラマスタ[],2,FALSE) -> モンキー・D・ルフィ | E95: 打撃 | F95: F-001 | G95: 11 | H95: 92 | I95: 8.7 | J95: =+SUMIF(技ログ!C:C,A95,技ログ!I:I) -> 0 | K95: =+COUNTIF(技ログ!C:C,技マスタ[[#This Row],[技ID]]) -> 1
A96: M-095 | B96: ゴムゴムの網 | C96: C001-01 | D96: =VLOOKUP(C96,キャラマスタ[],2,FALSE) -> モンキー・D・ルフィ | E96: 打撃 | F96: F-001 | G96: 11 | H96: 92 | I96: 8.7 | J96: =+SUMIF(技ログ!C:C,A96,技ログ!I:I) -> 0 | K96: =+COUNTIF(技ログ!C:C,技マスタ[[#This Row],[技ID]]) -> 1
A97: M-096 | B97: ゴムゴムの槍 | C97: C001-01 | D97: =VLOOKUP(C97,キャラマスタ[],2,FALSE) -> モンキー・D・ルフィ | E97: 打撃 | F97: F-001 | G97: 11 | H97: 92 | I97: 8.7 | J97: =+SUMIF(技ログ!C:C,A97,技ログ!I:I) -> 0 | K97: =+COUNTIF(技ログ!C:C,技マスタ[[#This Row],[技ID]]) -> 1
A98: M-097 | B98: 鮫・ON・歯車（シャーク・オン・トゥース） | C98: C008-05 | D98: =VLOOKUP(C98,キャラマスタ[],2,FALSE) -> アーロン | E98: 斬撃 | G98: 11 | H98: 93 | I98: 8.7 | J98: =+SUMIF(技ログ!C:C,A98,技ログ!I:I) -> 0 | K98: =+COUNTIF(技ログ!C:C,技マスタ[[#This Row],[技ID]]) -> 1
A99: M-098 | B99: バラバラカー | C99: C002-01 | D99: =VLOOKUP(C99,キャラマスタ[],2,FALSE) -> バギー | E99: 移動 | F99: F-002 | G99: 12 | H99: 100 | I99: 11 | J99: =+SUMIF(技ログ!C:C,A99,技ログ!I:I) -> 0 | K99: =+COUNTIF(技ログ!C:C,技マスタ[[#This Row],[技ID]]) -> 1
A100: M-099 | B100: 爆弾エンジン | C100: C002-01 | D100: =VLOOKUP(C100,キャラマスタ[],2,FALSE) -> バギー | E100: 特殊 | G100: 12 | H100: 100 | I100: 11 | J100: =+SUMIF(技ログ!C:C,A100,技ログ!I:I) -> 0 | K100: =+COUNTIF(技ログ!C:C,技マスタ[[#This Row],[技ID]]) -> 1
A101: M-100 | B101: スベスベシュプール | C101: C001-17 | D101: =VLOOKUP(C101,キャラマスタ[],2,FALSE) -> アルビダ | E101: 移動 | F101: F-003 | G101: 12 | H101: 100 | I101: 11 | J101: =+SUMIF(技ログ!C:C,A101,技ログ!I:I) -> 0 | K101: =+COUNTIF(技ログ!C:C,技マスタ[[#This Row],[技ID]]) -> 1
A102: M-101 | B102: ホワイト・アウト | C102: C011-13 | D102: =VLOOKUP(C102,キャラマスタ[],2,FALSE) -> スモーカー | E102: 特殊 | F102: F-004 | G102: 12 | H102: 100 | I102: 11 | J102: =+SUMIF(技ログ!C:C,A102,技ログ!I:I) -> 0 | K102: =+COUNTIF(技ログ!C:C,技マスタ[[#This Row],[技ID]]) -> 2
A103: M-102 | B103: 新鮮卵星 | C103: C003-03 | D103: =VLOOKUP(C103,キャラマスタ[],2,FALSE) -> ウソップ | E103: 射撃 | G103: 12 | H103: 100 | I103: 11 | J103: =+SUMIF(技ログ!C:C,A103,技ログ!I:I) -> 0 | K103: =+COUNTIF(技ログ!C:C,技マスタ[[#This Row],[技ID]]) -> 1
A104: M-103 | B104: ホワイト・ブロー | C104: C011-13 | D104: =VLOOKUP(C104,キャラマスタ[],2,FALSE) -> スモーカー | E104: 打撃 | F104: F-004 | G104: 12 | H104: 100 | I104: 11 | J104: =+SUMIF(技ログ!C:C,A104,技ログ!I:I) -> 0 | K104: =+COUNTIF(技ログ!C:C,技マスタ[[#This Row],[技ID]]) -> 1
A105: M-104 | B105: ゴムゴムの生け花 | C105: C001-01 | D105: =VLOOKUP(C105,キャラマスタ[],2,FALSE) -> モンキー・D・ルフィ | E105: 特殊 | F105: F-001 | G105: 12 | H105: 104 | I105: 11.5 | J105: =+SUMIF(技ログ!C:C,A105,技ログ!I:I) -> 0 | K105: =+COUNTIF(技ログ!C:C,技マスタ[[#This Row],[技ID]]) -> 1
A106: M-105 | B106: 雪だるパンチ | C106: C012-08 | D106: =VLOOKUP(C106,キャラマスタ[],2,FALSE) -> 雪だるさん | E106: 打撃 | G106: 12 | H106: 106 | I106: 11.7 | J106: =+SUMIF(技ログ!C:C,A106,技ログ!I:I) -> 0 | K106: =+COUNTIF(技ログ!C:C,技マスタ[[#This Row],[技ID]]) -> 1
A107: M-106 | B107: イガラッパ | C107: C012-12 | D107: =VLOOKUP(C107,キャラマスタ[],2,FALSE) -> Mr.8 | E107: 射撃 | G107: 12 | H107: 107 | I107: 11.8 | J107: =+SUMIF(技ログ!C:C,A107,技ログ!I:I) -> 0 | K107: =+COUNTIF(技ログ!C:C,技マスタ[[#This Row],[技ID]]) -> 3
A108: M-107 | B108: 神のご加護目潰し | C108: C012-10 | D108: =VLOOKUP(C108,キャラマスタ[],2,FALSE) -> ミス・キャサリーナ | E108: 特殊 | G108: 12 | H108: 108 | I108: 11.8 | J108: =+SUMIF(技ログ!C:C,A108,技ログ!I:I) -> 0 | K108: =+COUNTIF(技ログ!C:C,技マスタ[[#This Row],[技ID]]) -> 1
A109: M-108 | B109: 二刀流”鷹波” | C109: C001-21 | D109: =VLOOKUP(C109,キャラマスタ[],2,FALSE) -> ロロノア・ゾロ | E109: 斬撃 | G109: 12 | H109: 108 | I109: 11.8 | J109: =+SUMIF(技ログ!C:C,A109,技ログ!I:I) -> 0 | K109: =+COUNTIF(技ログ!C:C,技マスタ[[#This Row],[技ID]]) -> 1
A110: M-109 | B110: カ・イ・リ・キ メリケン | C110: C012-14 | D110: =VLOOKUP(C110,キャラマスタ[],2,FALSE) -> ミス・マンデー | E110: 打撃 | G110: 12 | H110: 108 | I110: 11.8 | J110: =+SUMIF(技ログ!C:C,A110,技ログ!I:I) -> 0 | K110: =+COUNTIF(技ログ!C:C,技マスタ[[#This Row],[技ID]]) -> 1
A111: M-110 | B111: 熱血ナイン根性バット | C111: C012-05 | D111: =VLOOKUP(C111,キャラマスタ[],2,FALSE) -> Mr.9 | E111: 打撃 | G111: 13 | H111: 109 | I111: 11.8 | J111: =+SUMIF(技ログ!C:C,A111,技ログ!I:I) -> 0 | K111: =+COUNTIF(技ログ!C:C,技マスタ[[#This Row],[技ID]]) -> 2
A112: M-111 | B112: 魅惑のメマーイダンス | C112: C012-04 | D112: =VLOOKUP(C112,キャラマスタ[],2,FALSE) -> ミス・ウェンズデー | E112: 特殊 | G112: 13 | H112: 109 | I112: 11.8 | J112: =+SUMIF(技ログ!C:C,A112,技ログ!I:I) -> 0 | K112: =+COUNTIF(技ログ!C:C,技マスタ[[#This Row],[技ID]]) -> 1
A113: M-112 | B113: 孔雀スラッシャー（クジャッキースラッシャー） | C113: C012-04 | D113: =VLOOKUP(C113,キャラマスタ[],2,FALSE) -> ミス・ウェンズデー | E113: 斬撃 | G113: 13 | H113: 109 | I113: 11.8 | J113: =+SUMIF(技ログ!C:C,A113,技ログ!I:I) -> 0 | K113: =+COUNTIF(技ログ!C:C,技マスタ[[#This Row],[技ID]]) -> 1
A114: M-113 | B114: カッ飛ばせ仕込みバット | C114: C012-05 | D114: =VLOOKUP(C114,キャラマスタ[],2,FALSE) -> Mr.9 | E114: 特殊 | G114: 13 | H114: 109 | I114: 11.8 | J114: =+SUMIF(技ログ!C:C,A114,技ログ!I:I) -> 0 | K114: =+COUNTIF(技ログ!C:C,技マスタ[[#This Row],[技ID]]) -> 1
A115: M-114 | B115: イガラッパッパ | C115: C012-12 | D115: =VLOOKUP(C115,キャラマスタ[],2,FALSE) -> Mr.8 | E115: 射撃 | G115: 13 | H115: 109 | I115: 11.8 | J115: =+SUMIF(技ログ!C:C,A115,技ログ!I:I) -> 0 | K115: =+COUNTIF(技ログ!C:C,技マスタ[[#This Row],[技ID]]) -> 2
A116: M-115 | B116: 鼻空想砲（ノーズファンシーキャノン） | C116: C013-02 | D116: =VLOOKUP(C116,キャラマスタ[],2,FALSE) -> Mr.5 | E116: 射撃 | G116: 13 | H116: 110 | I116: 11.8 | J116: =+SUMIF(技ログ!C:C,A116,技ログ!I:I) -> 1 | K116: =+COUNTIF(技ログ!C:C,技マスタ[[#This Row],[技ID]]) -> 2
A117: M-116 | B117: 1万kgプレス | C117: C013-03 | D117: =VLOOKUP(C117,キャラマスタ[],2,FALSE) -> ミス・バレンタイン | E117: 打撃 | G117: 13 | H117: 112 | I117: 11.8 | J117: =+SUMIF(技ログ!C:C,A117,技ログ!I:I) -> 0 | K117: =+COUNTIF(技ログ!C:C,技マスタ[[#This Row],[技ID]]) -> 1
A118: M-117 | D118: =VLOOKUP(C118,キャラマスタ[],2,FALSE) -> #N/A | J118: =+SUMIF(技ログ!C:C,A118,技ログ!I:I) -> 0 | K118: =+COUNTIF(技ログ!C:C,技マスタ[[#This Row],[技ID]]) -> 0
A119: M-118 | D119: =VLOOKUP(C119,キャラマスタ[],2,FALSE) -> #N/A | J119: =+SUMIF(技ログ!C:C,A119,技ログ!I:I) -> 0 | K119: =+COUNTIF(技ログ!C:C,技マスタ[[#This Row],[技ID]]) -> 0
A120: M-119 | D120: =VLOOKUP(C120,キャラマスタ[],2,FALSE) -> #N/A | J120: =+SUMIF(技ログ!C:C,A120,技ログ!I:I) -> 0 | K120: =+COUNTIF(技ログ!C:C,技マスタ[[#This Row],[技ID]]) -> 0
A121: M-120 | D121: =VLOOKUP(C121,キャラマスタ[],2,FALSE) -> #N/A | J121: =+SUMIF(技ログ!C:C,A121,技ログ!I:I) -> 0 | K121: =+COUNTIF(技ログ!C:C,技マスタ[[#This Row],[技ID]]) -> 0

Sheet 勢力マスタ
A1: 勢力ID | B1: 勢力名 | C1: リーダーID | D1: 区分
A2: G-001 | B2: 麦わらの一味 | C2: C001-01 | D2: 海賊
A3: G-002 | B3: ロジャー海賊団 | C3: C001-02 | D3: 海賊
A4: G-003 | B4: 赤髪海賊団 | C4: C001-05 | D4: 海賊
A5: G-004 | B5: ヒグマ山賊団 | C5: C001-11 | D5: 山賊
A6: G-005 | B6: アルビダ海賊団 | C6: C001-17 | D6: 海賊
A7: G-006 | B7: 海軍 | D7: 世界政府
A8: G-007 | B8: 賞金稼ぎ | D8: 賞金稼ぎ
A9: G-008 | B9: 無所属 | D9: 無所属
A10: G-009 | B10: バギー海賊団 | C10: C002-01 | D10: 海賊
A11: G-010 | B11: ウソップ海賊団 | C11: C003-03 | D11: 市民
A12: G-011 | B12: クロネコ海賊団 | C12: C003-12 | D12: 海賊
A13: G-012 | B13: 海上レストランバラティエ | C13: C005-10 | D13: 市民
A14: G-013 | B14: クリーク海賊団 | C14: C006-03 | D14: 海賊
A15: G-014 | B15: 王下七武海 | D15: 世界政府
A16: G-015 | B16: クック海賊団 | C16: C005-10 | D16: 海賊
A17: G-016 | B17: 客船 | D17: 市民
A18: G-017 | B18: アーロン一味 | C18: C008-05 | D18: 海賊
A19: G-018 | B19: 革命軍 | C19: C012-01 | D19: 革命軍
A20: G-019 | B20: バロック・ワークス | D20: 犯罪組織
A21: G-020
A22: G-021
A23: G-022
A24: G-023
A25: G-024
A26: G-025

Sheet 懸賞金・肩書ログ
A1: 登場キャラID | B1: 登場キャラ | C1: 懸賞金 | D1: 肩書 | E1: 区分 | F1: 巻数 | G1: 話数 | H1: 年数 | I1: 通算日 | J1: 理由 | K1: 備考
A2: C001-01 | B2: =VLOOKUP(懸賞金・肩書ログ!A2,キャラマスタ[],2,FALSE) -> モンキー・D・ルフィ | D2: 麦わらのルフィ | E2: 海賊 | F2: 1 | G2: 1 | H2: 0 | I2: 1
A3: C001-02 | B3: =VLOOKUP(懸賞金・肩書ログ!A3,キャラマスタ[],2,FALSE) -> ゴール・D・ロジャー | D3: 海賊王 | E3: 海賊 | F3: 1 | G3: 1 | H3: -22 | I3: -8000 | K3: 仮説
A4: C001-05 | B4: =VLOOKUP(懸賞金・肩書ログ!A4,キャラマスタ[],2,FALSE) -> シャンクス | D4: 赤髪のシャンクス | E4: 海賊 | F4: 1 | G4: 1 | H4: -10 | I4: -4015 | K4: 仮説
A5: C001-11 | B5: =VLOOKUP(懸賞金・肩書ログ!A5,キャラマスタ[],2,FALSE) -> ヒグマ | C5: 8000000 | D5: なし | E5: 山賊 | F5: 1 | G5: 1 | H5: -10 | I5: -3650 | J5: 56人殺した | K5: 仮説
A6: C001-17 | B6: =VLOOKUP(懸賞金・肩書ログ!A6,キャラマスタ[],2,FALSE) -> アルビダ | C6: 5000000 | D6: 金棒のアルビダ | E6: 海賊 | F6: 1 | G6: 2 | H6: 0 | I6: 1.3 | K6: 仮説
A7: C001-21 | B7: =VLOOKUP(懸賞金・肩書ログ!A7,キャラマスタ[],2,FALSE) -> ロロノア・ゾロ | D7: 海賊狩りのゾロ | E7: 海賊 | F7: 1 | G7: 3 | H7: 0 | I7: -300 | K7: 仮説
A8: C001-26 | B8: =VLOOKUP(懸賞金・肩書ログ!A8,キャラマスタ[],2,FALSE) -> モーガン | D8: 斧手のモーガン | E8: 海兵 | F8: 1 | G8: 4 | H8: 0 | I8: -1000 | K8: 仮説
A9: C001-34 | B9: =VLOOKUP(懸賞金・肩書ログ!A9,キャラマスタ[],2,FALSE) -> ナミ | D9: 海賊専門泥棒 | E9: 泥棒 | F9: 2 | G9: 9 | H9: 0 | I9: 1.2 | K9: 仮説
A10: C002-01 | B10: =VLOOKUP(懸賞金・肩書ログ!A10,キャラマスタ[],2,FALSE) -> バギー | C10: 15000000 | D10: 道化のバギー | E10: 海賊 | F10: 2 | G10: 9 | H10: 0 | I10: 1.5 | K10: 仮説
A11: C002-04 | B11: =VLOOKUP(懸賞金・肩書ログ!A11,キャラマスタ[],2,FALSE) -> モージ | D11: 猛獣使いのモージ | E11: 海賊 | F11: 2 | G11: 12 | H11: 0 | I11: 1.8 | K11: 仮説
A12: C002-10 | B12: =VLOOKUP(懸賞金・肩書ログ!A12,キャラマスタ[],2,FALSE) -> カバジ | D12: 曲芸のカバジ | E12: 海賊 | F12: 2 | G12: 15 | H12: 0 | I12: 1.8 | K12: 仮説
A13: C003-08 | B13: =VLOOKUP(懸賞金・肩書ログ!A13,キャラマスタ[],2,FALSE) -> クロ | C13: 16000000 | D13: 百計のクロ | E13: 海賊 | F13: 4 | G13: 37 | H13: -3 | I13: -1095 | K13: 仮説
A14: C003-12 | B14: =VLOOKUP(懸賞金・肩書ログ!A14,キャラマスタ[],2,FALSE) -> ジャンゴ | C14: 9000000 | D14: 1・2のジャンゴ | E14: 海賊 | F14: 4 | G14: 28 | H14: 0 | I14: 2.5 | K14: 仮説
A15: C004-01 | B15: =VLOOKUP(懸賞金・肩書ログ!A15,キャラマスタ[],2,FALSE) -> シャム | C15: 3500000 | D15: ニャーバン・兄弟 | E15: 海賊 | F15: 4 | G15: 31 | H15: 0 | I15: 3 | K15: 仮説
A16: C004-02 | B16: =VLOOKUP(懸賞金・肩書ログ!A16,キャラマスタ[],2,FALSE) -> ブチ | C16: 3500000 | D16: ニャーバン・兄弟 | E16: 海賊 | F16: 4 | G16: 31 | H16: 0 | I16: 3 | K16: 仮説
A17: C005-06 | B17: =VLOOKUP(懸賞金・肩書ログ!A17,キャラマスタ[],2,FALSE) -> フルボディ | D17: 鉄拳のフルボディ | E17: 海兵 | F17: 5 | G17: 43 | H17: 0 | I17: 5
A18: C006-03 | B18: =VLOOKUP(懸賞金・肩書ログ!A18,キャラマスタ[],2,FALSE) -> クリーク | C18: 17000000 | D18: 首領・クリーク | E18: 海賊 | F18: 6 | G18: 46 | H18: 0 | I18: -5 | K18: 仮説
A19: C005-10 | B19: =VLOOKUP(懸賞金・肩書ログ!A19,キャラマスタ[],2,FALSE) -> ゼフ | D19: 赫足のゼフ | E19: 元海賊 | F19: 6 | G19: 47 | H19: -9 | I19: -3285 | K19: 仮説
A20: C006-04 | B20: =VLOOKUP(懸賞金・肩書ログ!A20,キャラマスタ[],2,FALSE) -> ジュラキュール・ミホーク | D20: 世界最強の剣士 | E20: 世界政府 | F20: 6 | G20: 51 | H20: 0 | I20: 7 | K20: 仮説
A21: C005-15 | B21: =VLOOKUP(懸賞金・肩書ログ!A21,キャラマスタ[],2,FALSE) -> ギン | C21: 12000000 | D21: 鬼人のギン | E21: 海賊 | F21: 7 | G21: 61 | H21: 0 | I21: -5 | K21: 仮説
A22: C008-05 | B22: =VLOOKUP(懸賞金・肩書ログ!A22,キャラマスタ[],2,FALSE) -> アーロン | C22: 20000000 | D22: ノコギリのアーロン | E22: 海賊 | F22: 8 | G22: 69 | H22: 0 | I22: 8.1 | K22: 仮説
A23: C008-06 | B23: =VLOOKUP(懸賞金・肩書ログ!A23,キャラマスタ[],2,FALSE) -> はっちゃん | C23: 8000000 | D23: 六刀流のハチ | E23: 海賊 | I23: 8.1 | K23: 仮説
A24: C009-04 | B24: =VLOOKUP(懸賞金・肩書ログ!A24,キャラマスタ[],2,FALSE) -> チュウ | C24: 5500000 | E24: 海賊 | F24: 9 | G24: 75 | H24: 0 | I24: 8.5 | K24: 仮説
A25: C009-05 | B25: =VLOOKUP(懸賞金・肩書ログ!A25,キャラマスタ[],2,FALSE) -> クロオビ | C25: 9000000 | E25: 海賊 | F25: 9 | G25: 75 | H25: 0 | I25: 8.5 | K25: 仮説
A26: C001-01 | B26: =VLOOKUP(懸賞金・肩書ログ!A26,キャラマスタ[],2,FALSE) -> モンキー・D・ルフィ | C26: 30000000 | D26: 麦わらのルフィ | E26: 海賊 | F26: 11 | G26: 96 | H26: 0 | I26: 11 | J26: アーロン一味撃破
A27: C013-03 | B27: =VLOOKUP(懸賞金・肩書ログ!A27,キャラマスタ[],2,FALSE) -> ミス・バレンタイン | C27: 7500000 | D27: 運び屋ミキータ | E27: 犯罪組織 | F27: 13 | G27: 110 | H27: 0 | I27: 11.8 | K27: 仮説
A28: C013-02 | B28: =VLOOKUP(懸賞金・肩書ログ!A28,キャラマスタ[],2,FALSE) -> Mr.5 | C28: 10000000 | D28: 国境のジェム | E28: 犯罪組織 | F28: 13 | G28: 110 | H28: 0 | I28: 11.8 | K28: 仮説
B29: =VLOOKUP(懸賞金・肩書ログ!A29,キャラマスタ[],2,FALSE) -> #N/A
B30: =VLOOKUP(懸賞金・肩書ログ!A30,キャラマスタ[],2,FALSE) -> #N/A

Sheet 航海日誌
A1: 日誌ID | B1: 海円暦 | C1: 年（何年前の出来事か） | D1: 通算日 | E1: 巻数 | F1: 話数 | G1: 場所ID | H1: 場所名 | I1: エピソード名 | J1: 出来事 | K1: 登場キャラID | L1: 登場キャラ | M1: 移動手段 | N1: 備考
A2: E001-01 | B2: =1539+C2 -> 1517 | C2: -22 | D2: =C2*365 -> -8030 | E2: 1 | F2: 1 | G2: L-021 | H2: =VLOOKUP(G2,場所マスタ[],6,FALSE) -> ローグタウン | I2: 東の海 | J2: 処刑される | K2: C001-02 | L2: =IFERROR(VLOOKUP(K2,キャラマスタ[],2,FALSE),"") -> ゴール・D・ロジャー | N2: 仮説（場所）
A3: E001-02 | B3: =1539+C3 -> 1528 | C3: -11 | D3: =C3*365 -> -4015 | E3: 1 | F3: 1 | G3: L-001 | H3: =VLOOKUP(G3,場所マスタ[],6,FALSE) -> フーシャ村 | I3: 東の海 | J3: フーシャ村に滞在する | K3: C001-05 | L3: =IFERROR(VLOOKUP(K3,キャラマスタ[],2,FALSE),"") -> シャンクス
A4: E001-03 | B4: =1539+C4 -> 1528 | C4: -11 | D4: =C4*365 -> -4015 | E4: 1 | F4: 1 | G4: L-001 | H4: =VLOOKUP(G4,場所マスタ[],6,FALSE) -> フーシャ村 | I4: 東の海 | J4: フーシャ村に滞在する | K4: C001-06 | L4: =IFERROR(VLOOKUP(K4,キャラマスタ[],2,FALSE),"") -> ラッキー・ルウ
A5: E001-04 | B5: =1539+C5 -> 1528 | C5: -11 | D5: =C5*365 -> -4015 | E5: 1 | F5: 1 | G5: L-001 | H5: =VLOOKUP(G5,場所マスタ[],6,FALSE) -> フーシャ村 | I5: 東の海 | J5: フーシャ村に滞在する | K5: C001-07 | L5: =IFERROR(VLOOKUP(K5,キャラマスタ[],2,FALSE),"") -> ヤソップ
A6: E001-05 | B6: =1539+C6 -> 1528 | C6: -11 | D6: =C6*365 -> -4015 | E6: 1 | F6: 1 | G6: L-001 | H6: =VLOOKUP(G6,場所マスタ[],6,FALSE) -> フーシャ村 | I6: 東の海 | J6: フーシャ村に滞在する | K6: C001-08 | L6: =IFERROR(VLOOKUP(K6,キャラマスタ[],2,FALSE),"") -> ベン・ベックマン
A7: E001-06 | B7: =1539+C7 -> 1529 | C7: -10 | D7: =C7*365 -> -3650 | E7: 1 | F7: 1 | G7: L-001 | H7: =VLOOKUP(G7,場所マスタ[],6,FALSE) -> フーシャ村 | I7: 東の海 | J7: ゴムゴムの実を食べる | K7: C001-01 | L7: =IFERROR(VLOOKUP(K7,キャラマスタ[],2,FALSE),"") -> モンキー・D・ルフィ
A8: E001-07 | B8: =1539+C8 -> 1529 | C8: -10 | D8: -3645 | E8: 1 | F8: 1 | G8: L-002 | H8: =VLOOKUP(G8,場所マスタ[],6,FALSE) -> フーシャ村近海 | I8: 東の海 | J8: 近海の主に食べられる | K8: C001-11 | L8: =IFERROR(VLOOKUP(K8,キャラマスタ[],2,FALSE),"") -> ヒグマ
A9: E001-08 | B9: =1539+C9 -> 1529 | C9: -10 | D9: -3640 | E9: 1 | F9: 1 | G9: L-002 | H9: =VLOOKUP(G9,場所マスタ[],6,FALSE) -> フーシャ村近海 | I9: 東の海 | J9: 近海の主に左腕を食べられる | K9: C001-05 | L9: =IFERROR(VLOOKUP(K9,キャラマスタ[],2,FALSE),"") -> シャンクス
A10: E001-09 | B10: =1539+C10 -> 1529 | C10: -10 | D10: -3640 | E10: 1 | F10: 1 | G10: L-007 | H10: =VLOOKUP(G10,場所マスタ[],6,FALSE) -> 不明 | I10: 東の海 | J10: フーシャ村を出航 | K10: C001-05 | L10: =IFERROR(VLOOKUP(K10,キャラマスタ[],2,FALSE),"") -> シャンクス
A11: E001-10 | B11: =1539+C11 -> 1529 | C11: -10 | D11: -3640 | E11: 1 | F11: 1 | G11: L-007 | H11: =VLOOKUP(G11,場所マスタ[],6,FALSE) -> 不明 | I11: 東の海 | J11: フーシャ村を出航 | K11: C001-06 | L11: =IFERROR(VLOOKUP(K11,キャラマスタ[],2,FALSE),"") -> ラッキー・ルウ
A12: E001-11 | B12: =1539+C12 -> 1529 | C12: -10 | D12: -3640 | E12: 1 | F12: 1 | G12: L-007 | H12: =VLOOKUP(G12,場所マスタ[],6,FALSE) -> 不明 | I12: 東の海 | J12: フーシャ村を出航 | K12: C001-07 | L12: =IFERROR(VLOOKUP(K12,キャラマスタ[],2,FALSE),"") -> ヤソップ
A13: E001-12 | B13: =1539+C13 -> 1529 | C13: -10 | D13: -3640 | E13: 1 | F13: 1 | G13: L-007 | H13: =VLOOKUP(G13,場所マスタ[],6,FALSE) -> 不明 | I13: 東の海 | J13: フーシャ村を出航 | K13: C001-08 | L13: =IFERROR(VLOOKUP(K13,キャラマスタ[],2,FALSE),"") -> ベン・ベックマン
A14: E001-13 | B14: =1539+C14 -> 1539 | C14: 0 | D14: 0 | E14: 1 | F14: 1 | G14: L-001 | H14: =VLOOKUP(G14,場所マスタ[],6,FALSE) -> フーシャ村 | I14: 東の海 | J14: 冒険の夜明け | K14: C001-01 | L14: =IFERROR(VLOOKUP(K14,キャラマスタ[],2,FALSE),"") -> モンキー・D・ルフィ
A15: E001-14 | B15: =1539+C15 -> 1539 | C15: 0 | D15: 1 | E15: 1 | F15: 1 | G15: L-001 | H15: =VLOOKUP(G15,場所マスタ[],6,FALSE) -> フーシャ村 | I15: 東の海 | J15: フーシャ村から出航 | K15: C001-01 | L15: =IFERROR(VLOOKUP(K15,キャラマスタ[],2,FALSE),"") -> モンキー・D・ルフィ | M15: 小舟
A16: E001-15 | B16: =1539+C16 -> 1539 | C16: 0 | D16: 1.1 | E16: 1 | F16: 2 | G16: L-003 | H16: =VLOOKUP(G16,場所マスタ[],6,FALSE) -> ゴート島 | I16: 東の海 | J16: ゴート島に漂着 | K16: C001-01 | L16: =IFERROR(VLOOKUP(K16,キャラマスタ[],2,FALSE),"") -> モンキー・D・ルフィ | M16: 樽
A17: E001-16 | B17: =1539+C17 -> 1537 | C17: -2 | D17: =-2*365 -> -730 | E17: 1 | F17: 2 | G17: L-003 | H17: =VLOOKUP(G17,場所マスタ[],6,FALSE) -> ゴート島 | I17: 東の海 | J17: アルビダの雑用係になる | K17: C001-16 | L17: =IFERROR(VLOOKUP(K17,キャラマスタ[],2,FALSE),"") -> コビー
A18: E001-17 | B18: =1539+C18 -> 1539 | C18: 0 | D18: 1.2 | E18: 1 | F18: 2 | G18: L-003 | H18: =VLOOKUP(G18,場所マスタ[],6,FALSE) -> ゴート島 | I18: 東の海 | J18: アルビダを撃破 | K18: C001-01 | L18: =IFERROR(VLOOKUP(K18,キャラマスタ[],2,FALSE),"") -> モンキー・D・ルフィ
A19: E001-18 | B19: =1539+C19 -> 1539 | C19: 0 | D19: 1.2 | E19: 1 | F19: 2 | G19: L-003 | H19: =VLOOKUP(G19,場所マスタ[],6,FALSE) -> ゴート島 | I19: 東の海 | J19: アルビダを撃破 | K19: C001-17 | L19: =IFERROR(VLOOKUP(K19,キャラマスタ[],2,FALSE),"") -> アルビダ
A20: E001-19 | B20: =1539+C20 -> 1539 | C20: 0 | D20: 1.3 | E20: 1 | F20: 3 | G20: L-004 | H20: =VLOOKUP(G20,場所マスタ[],6,FALSE) -> シェルズタウン | I20: 東の海 | J20: シェルズタウンに到着 | K20: C001-01 | L20: =IFERROR(VLOOKUP(K20,キャラマスタ[],2,FALSE),"") -> モンキー・D・ルフィ | M20: 小舟
A21: E001-20 | B21: =1539+C21 -> 1539 | C21: 0 | D21: 1.3 | E21: 1 | F21: 3 | G21: L-004 | H21: =VLOOKUP(G21,場所マスタ[],6,FALSE) -> シェルズタウン | I21: 東の海 | J21: シェルズタウンに到着 | K21: C001-16 | L21: =IFERROR(VLOOKUP(K21,キャラマスタ[],2,FALSE),"") -> コビー
A22: E001-21 | B22: =1539+C22 -> 1539 | C22: 0 | D22: -7 | E22: 1 | F22: 3 | G22: L-004 | H22: =VLOOKUP(G22,場所マスタ[],6,FALSE) -> シェルズタウン | I22: 東の海 | J22: 磔にされる | K22: C001-21 | L22: =IFERROR(VLOOKUP(K22,キャラマスタ[],2,FALSE),"") -> ロロノア・ゾロ
A23: E001-22 | B23: =1539+C23 -> 1528 | C23: -11 | D23: -4000 | E23: 1 | F23: 5 | G23: L-005 | H23: =VLOOKUP(G23,場所マスタ[],6,FALSE) -> シモツキ村 | I23: 東の海 | J23: くいなが死亡し、ゾロ誓いを立てる | K23: C001-29 | L23: =IFERROR(VLOOKUP(K23,キャラマスタ[],2,FALSE),"") -> くいな
A24: E001-23 | B24: =1539+C24 -> 1528 | C24: -11 | D24: -4000 | E24: 1 | F24: 5 | G24: L-005 | H24: =VLOOKUP(G24,場所マスタ[],6,FALSE) -> シモツキ村 | I24: 東の海 | J24: くいなが死亡し、ゾロ誓いを立てる | K24: C001-21 | L24: =IFERROR(VLOOKUP(K24,キャラマスタ[],2,FALSE),"") -> ロロノア・ゾロ
A25: E001-24 | B25: =1539+C25 -> 1539 | C25: 0 | D25: 1.4 | E25: 1 | F25: 6 | G25: L-004 | H25: =VLOOKUP(G25,場所マスタ[],6,FALSE) -> シェルズタウン | I25: 東の海 | J25: 海軍大佐モーガンを撃破 | K25: C001-01 | L25: =IFERROR(VLOOKUP(K25,キャラマスタ[],2,FALSE),"") -> モンキー・D・ルフィ
A26: E001-25 | B26: =1539+C26 -> 1539 | C26: 0 | D26: 1.4 | E26: 1 | F26: 6 | G26: L-004 | H26: =VLOOKUP(G26,場所マスタ[],6,FALSE) -> シェルズタウン | I26: 東の海 | J26: 海軍大佐モーガンを撃破 | K26: C001-21 | L26: =IFERROR(VLOOKUP(K26,キャラマスタ[],2,FALSE),"") -> ロロノア・ゾロ
A27: E001-26 | B27: =1539+C27 -> 1539 | C27: 0 | D27: 1.4 | E27: 1 | F27: 6 | G27: L-004 | H27: =VLOOKUP(G27,場所マスタ[],6,FALSE) -> シェルズタウン | I27: 東の海 | J27: 海軍大佐モーガンを撃破 | K27: C001-23 | L27: =IFERROR(VLOOKUP(K27,キャラマスタ[],2,FALSE),"") -> ヘルメッポ
A28: E001-27 | B28: =1539+C28 -> 1539 | C28: 0 | D28: 1.4 | E28: 1 | F28: 6 | G28: L-004 | H28: =VLOOKUP(G28,場所マスタ[],6,FALSE) -> シェルズタウン | I28: 東の海 | J28: 海軍大佐モーガンを撃破 | K28: C001-26 | L28: =IFERROR(VLOOKUP(K28,キャラマスタ[],2,FALSE),"") -> モーガン
A29: E001-28 | B29: =1539+C29 -> 1539 | C29: 0 | D29: 1.5 | E29: 1 | F29: 7 | G29: L-004 | H29: =VLOOKUP(G29,場所マスタ[],6,FALSE) -> シェルズタウン | I29: 東の海 | J29: コビーと別れ、出航する | K29: C001-01 | L29: =IFERROR(VLOOKUP(K29,キャラマスタ[],2,FALSE),"") -> モンキー・D・ルフィ
A30: E001-29 | B30: =1539+C30 -> 1539 | C30: 0 | D30: 1.5 | E30: 1 | F30: 7 | G30: L-004 | H30: =VLOOKUP(G30,場所マスタ[],6,FALSE) -> シェルズタウン | I30: 東の海 | J30: コビーと別れ、出航する | K30: C001-21 | L30: =IFERROR(VLOOKUP(K30,キャラマスタ[],2,FALSE),"") -> ロロノア・ゾロ
A31: E001-30 | B31: =1539+C31 -> 1539 | C31: 0 | D31: 1.6 | E31: 1 | F31: 8 | G31: L-006 | H31: =VLOOKUP(G31,場所マスタ[],6,FALSE) -> オレンジの町 | I31: 東の海 | J31: 鳥に運ばれ、町に着く | K31: C001-01 | L31: =IFERROR(VLOOKUP(K31,キャラマスタ[],2,FALSE),"") -> モンキー・D・ルフィ
A32: E001-31 | B32: =1539+C32 -> 1539 | C32: 0 | D32: 1.6 | E32: 1 | F32: 8 | G32: L-008 | H32: =VLOOKUP(G32,場所マスタ[],6,FALSE) -> シェルズタウン近海 | I32: 東の海 | J32: バギーの手下に会う | K32: C001-21 | L32: =IFERROR(VLOOKUP(K32,キャラマスタ[],2,FALSE),"") -> ロロノア・ゾロ
... A73: E001-72 | B73: =1539+C73 -> 1534 | C73: -5 | D73: -1825 | E73: 5 | F73: 40 | G73: L-010 | H73: =VLOOKUP(G73,場所マスタ[],6,FALSE) -> シロップ村 | I73: 東の海 | J73: ウソップ海賊団結成 | K73: C003-03 | L73: =IFERROR(VLOOKUP(K73,キャラマスタ[],2,FALSE),"") -> ウソップ
A74: E001-73 | B74: =1539+C74 -> 1527 | C74: -12 | D74: -4380 | E74: 5 | F74: 41 | G74: L-010 | H74: =VLOOKUP(G74,場所マスタ[],6,FALSE) -> シロップ村 | I74: 東の海 | J74: 村を飛び出し海賊になる | K74: C001-07 | L74: =IFERROR(VLOOKUP(K74,キャラマスタ[],2,FALSE),"") -> ヤソップ | N74: 仮説（年）
A75: E001-74 | B75: =1539+C75 -> 1527 | C75: -12 | D75: -4200 | E75: 5 | F75: 41 | G75: L-010 | H75: =VLOOKUP(G75,場所マスタ[],6,FALSE) -> シロップ村 | I75: 東の海 | J75: 母が病死する | K75: C003-03 | L75: =IFERROR(VLOOKUP(K75,キャラマスタ[],2,FALSE),"") -> ウソップ
A76: E001-75 | B76: =1539+C76 -> 1539 | C76: 0 | D76: 3.3 | E76: 5 | F76: 41 | G76: L-010 | H76: =VLOOKUP(G76,場所マスタ[],6,FALSE) -> シロップ村 | I76: 東の海 | J76: シロップ村を出航 | K76: C001-01 | L76: =IFERROR(VLOOKUP(K76,キャラマスタ[],2,FALSE),"") -> モンキー・D・ルフィ
A77: E001-76 | B77: =1539+C77 -> 1539 | C77: 0 | D77: 3.3 | E77: 5 | F77: 41 | G77: L-010 | H77: =VLOOKUP(G77,場所マスタ[],6,FALSE) -> シロップ村 | I77: 東の海 | J77: シロップ村を出航 | K77: C001-21 | L77: =IFERROR(VLOOKUP(K77,キャラマスタ[],2,FALSE),"") -> ロロノア・ゾロ
A78: E001-77 | B78: =1539+C78 -> 1539 | C78: 0 | D78: 3.3 | E78: 5 | F78: 41 | G78: L-010 | H78: =VLOOKUP(G78,場所マスタ[],6,FALSE) -> シロップ村 | I78: 東の海 | J78: シロップ村を出航 | K78: C001-34 | L78: =IFERROR(VLOOKUP(K78,キャラマスタ[],2,FALSE),"") -> ナミ
A79: E001-78 | B79: =1539+C79 -> 1539 | C79: 0 | D79: 3.3 | E79: 5 | F79: 41 | G79: L-010 | H79: =VLOOKUP(G79,場所マスタ[],6,FALSE) -> シロップ村 | I79: 東の海 | J79: シロップ村を出航 | K79: C003-03 | L79: =IFERROR(VLOOKUP(K79,キャラマスタ[],2,FALSE),"") -> ウソップ
A80: E001-79 | B80: =1539+C80 -> 1539 | C80: 0 | D80: 3.5 | E80: 5 | F80: 42 | G80: L-012 | H80: =VLOOKUP(G80,場所マスタ[],6,FALSE) -> シロップ村近海 | I80: 東の海 | J80: ヨサクとジョニーと出会う | K80: C001-01 | L80: =IFERROR(VLOOKUP(K80,キャラマスタ[],2,FALSE),"") -> モンキー・D・ルフィ
A81: E001-80 | B81: =1539+C81 -> 1539 | C81: 0 | D81: 3.5 | E81: 5 | F81: 42 | G81: L-012 | H81: =VLOOKUP(G81,場所マスタ[],6,FALSE) -> シロップ村近海 | I81: 東の海 | J81: ヨサクとジョニーと出会う | K81: C001-21 | L81: =IFERROR(VLOOKUP(K81,キャラマスタ[],2,FALSE),"") -> ロロノア・ゾロ
A82: E001-81 | B82: =1539+C82 -> 1539 | C82: 0 | D82: 3.5 | E82: 5 | F82: 42 | G82: L-012 | H82: =VLOOKUP(G82,場所マスタ[],6,FALSE) -> シロップ村近海 | I82: 東の海 | J82: ヨサクとジョニーと出会う | K82: C001-34 | L82: =IFERROR(VLOOKUP(K82,キャラマスタ[],2,FALSE),"") -> ナミ
A83: E001-82 | B83: =1539+C83 -> 1539 | C83: 0 | D83: 3.5 | E83: 5 | F83: 42 | G83: L-012 | H83: =VLOOKUP(G83,場所マスタ[],6,FALSE) -> シロップ村近海 | I83: 東の海 | J83: ヨサクとジョニーと出会う | K83: C003-03 | L83: =IFERROR(VLOOKUP(K83,キャラマスタ[],2,FALSE),"") -> ウソップ
A84: E001-83 | B84: =1539+C84 -> 1539 | C84: 0 | D84: 3.5 | E84: 5 | F84: 42 | G84: L-012 | H84: =VLOOKUP(G84,場所マスタ[],6,FALSE) -> シロップ村近海 | I84: 東の海 | J84: 麦わらの一味と出会う | K84: C005-04 | L84: =IFERROR(VLOOKUP(K84,キャラマスタ[],2,FALSE),"") -> ヨサク
A85: E001-84 | B85: =1539+C85 -> 1539 | C85: 0 | D85: 3.5 | E85: 5 | F85: 42 | G85: L-012 | H85: =VLOOKUP(G85,場所マスタ[],6,FALSE) -> シロップ村近海 | I85: 東の海 | J85: 麦わらの一味と出会う | K85: C005-05 | L85: =IFERROR(VLOOKUP(K85,キャラマスタ[],2,FALSE),"") -> ジョニー
A86: E001-85 | B86: =1539+C86 -> 1539 | C86: 0 | D86: 3 | E86: 5 | F86: 43 | G86: L-009 | H86: =VLOOKUP(G86,場所マスタ[],6,FALSE) -> 珍獣島 | I86: 東の海 | J86: 珍獣島に墜落する | K86: C002-01 | L86: =IFERROR(VLOOKUP(K86,キャラマスタ[],2,FALSE),"") -> バギー
... A230: E001-226 | B230: =1539+C230 -> 1539 | C230: 0 | D230: 11 | E230: 13 | F230: 114 | G230: L-029 | H230: =VLOOKUP(G230,場所マスタ[],6,FALSE) -> 海軍本部 | I230: 偉大なる航路 | J230: 海軍本部にコビーらを連れて帰る | K230: C045-01 | L230: =IFERROR(VLOOKUP(K230,キャラマスタ[],2,FALSE),"") -> モンキー・D・ガープ
A231: E001-227 | B231: =1539+C231 -> 1539 | H231: =VLOOKUP(G231,場所マスタ[],6,FALSE) -> #N/A | L231: =IFERROR(VLOOKUP(K231,キャラマスタ[],2,FALSE),"")
A232: E001-228 | B232: =1539+C232 -> 1539 | H232: =VLOOKUP(G232,場所マスタ[],6,FALSE) -> #N/A | L232: =IFERROR(VLOOKUP(K232,キャラマスタ[],2,FALSE),"")
A233: E001-229 | B233: =1539+C233 -> 1539 | H233: =VLOOKUP(G233,場所マスタ[],6,FALSE) -> #N/A | L233: =IFERROR(VLOOKUP(K233,キャラマスタ[],2,FALSE),"")
A234: E001-230 | B234: =1539+C234 -> 1539 | H234: =VLOOKUP(G234,場所マスタ[],6,FALSE) -> #N/A | L234: =IFERROR(VLOOKUP(K234,キャラマスタ[],2,FALSE),"")

Sheet 戦闘ログ
A1: バトルID | B1: 巻数 | C1: 話数 | D1: 年 | E1: 通算日 | F1: 場所ID | G1: 場所 | H1: 勢力ID1 | I1: 勝者勢力 | J1: 勝者ID1 | K1: 勝者ID2 | L1: 勝者1 | M1: 勝者2 | N1: 勢力ID2 | O1: 敗者勢力 | P1: 敗者ID1 | Q1: 敗者ID2 | R1: 敗者1 | S1: 敗者2 | T1: 技ID | U1: 決まり手 | V1: バトルの種類 | W1: 軍団戦フラグ
A2: B001-01 | B2: 1 | C2: 1 | D2: -10 | E2: -3645 | F2: L-001 | G2: =VLOOKUP(F2,場所マスタ!$A$1:$I$125,5,FALSE) -> フーシャ村 | H2: G-003 | I2: =IFERROR(VLOOKUP(H2,勢力マスタ[],2,FALSE),"") -> 赤髪海賊団 | L2: =IFERROR(VLOOKUP(J2,キャラマスタ[],2,FALSE),"") | M2: =IFERROR(VLOOKUP(K2,キャラマスタ[],2,FALSE),"") | N2: G-004 | O2: =IFERROR(VLOOKUP(N2,勢力マスタ[],2,FALSE),"") -> ヒグマ山賊団 | R2: =IFERROR(VLOOKUP(P2,キャラマスタ[],2,FALSE),"") | S2: =IFERROR(VLOOKUP(Q2,キャラマスタ[],2,FALSE),"") | U2: =+IFERROR(VLOOKUP(テーブル10[[#This Row],[技ID]],技マスタ[],2,FALSE),"") | V2: 軍団戦 | W2: 1
A3: B001-02 | B3: 1 | C3: 1 | D3: -10 | E3: 1 | F3: L-002 | G3: =VLOOKUP(F3,場所マスタ!$A$1:$I$125,5,FALSE) -> フーシャ村近海 | I3: =IFERROR(VLOOKUP(H3,勢力マスタ[],2,FALSE),"") | J3: C001-01 | L3: =IFERROR(VLOOKUP(J3,キャラマスタ[],2,FALSE),"") -> モンキー・D・ルフィ | M3: =IFERROR(VLOOKUP(K3,キャラマスタ[],2,FALSE),"") | O3: =IFERROR(VLOOKUP(N3,勢力マスタ[],2,FALSE),"") | P3: C001-15 | R3: =IFERROR(VLOOKUP(P3,キャラマスタ[],2,FALSE),"") -> 近海の主 | S3: =IFERROR(VLOOKUP(Q3,キャラマスタ[],2,FALSE),"") | T3: M-001 | U3: =+IFERROR(VLOOKUP(テーブル10[[#This Row],[技ID]],技マスタ[],2,FALSE),"") -> ゴムゴムの銃（ピストル） | V3: タイマン
A4: B001-03 | B4: 1 | C4: 2 | D4: 0 | E4: 1.2 | F4: L-003 | G4: =VLOOKUP(F4,場所マスタ!$A$1:$I$125,5,FALSE) -> （不明） | I4: =IFERROR(VLOOKUP(H4,勢力マスタ[],2,FALSE),"") | J4: C001-01 | L4: =IFERROR(VLOOKUP(J4,キャラマスタ[],2,FALSE),"") -> モンキー・D・ルフィ | M4: =IFERROR(VLOOKUP(K4,キャラマスタ[],2,FALSE),"") | O4: =IFERROR(VLOOKUP(N4,勢力マスタ[],2,FALSE),"") | P4: C001-17 | R4: =IFERROR(VLOOKUP(P4,キャラマスタ[],2,FALSE),"") -> アルビダ | S4: =IFERROR(VLOOKUP(Q4,キャラマスタ[],2,FALSE),"") | T4: M-001 | U4: =+IFERROR(VLOOKUP(テーブル10[[#This Row],[技ID]],技マスタ[],2,FALSE),"") -> ゴムゴムの銃（ピストル） | V4: タイマン
A5: B001-04 | B5: 1 | C5: 5 | D5: -9 | E5: -4000 | F5: L-005 | G5: =VLOOKUP(F5,場所マスタ!$A$1:$I$125,5,FALSE) -> シモツキ村 | I5: =IFERROR(VLOOKUP(H5,勢力マスタ[],2,FALSE),"") | J5: C001-29 | L5: =IFERROR(VLOOKUP(J5,キャラマスタ[],2,FALSE),"") -> くいな | M5: =IFERROR(VLOOKUP(K5,キャラマスタ[],2,FALSE),"") | O5: =IFERROR(VLOOKUP(N5,勢力マスタ[],2,FALSE),"") | P5: C001-21 | R5: =IFERROR(VLOOKUP(P5,キャラマスタ[],2,FALSE),"") -> ロロノア・ゾロ | S5: =IFERROR(VLOOKUP(Q5,キャラマスタ[],2,FALSE),"") | U5: =+IFERROR(VLOOKUP(テーブル10[[#This Row],[技ID]],技マスタ[],2,FALSE),"") | V5: タイマン
A6: B001-05 | B6: 1 | C6: 6 | D6: 0 | E6: 1.4 | F6: L-004 | G6: =VLOOKUP(F6,場所マスタ!$A$1:$I$125,5,FALSE) -> シェルズタウン | I6: =IFERROR(VLOOKUP(H6,勢力マスタ[],2,FALSE),"") | J6: C001-01 | K6: C001-21 | L6: =IFERROR(VLOOKUP(J6,キャラマスタ[],2,FALSE),"") -> モンキー・D・ルフィ | M6: =IFERROR(VLOOKUP(K6,キャラマスタ[],2,FALSE),"") -> ロロノア・ゾロ | O6: =IFERROR(VLOOKUP(N6,勢力マスタ[],2,FALSE),"") | P6: C001-26 | Q6: C001-23 | R6: =IFERROR(VLOOKUP(P6,キャラマスタ[],2,FALSE),"") -> モーガン | S6: =IFERROR(VLOOKUP(Q6,キャラマスタ[],2,FALSE),"") -> ヘルメッポ | T6: M-001 | U6: =+IFERROR(VLOOKUP(テーブル10[[#This Row],[技ID]],技マスタ[],2,FALSE),"") -> ゴムゴムの銃（ピストル） | V6: チーム戦
A7: B001-06 | B7: 2 | C7: 10 | D7: 0 | E7: 1.7 | F7: L-006 | G7: =VLOOKUP(F7,場所マスタ!$A$1:$I$125,5,FALSE) -> オレンジの町 | I7: =IFERROR(VLOOKUP(H7,勢力マスタ[],2,FALSE),"") | J7: C002-01 | L7: =IFERROR(VLOOKUP(J7,キャラマスタ[],2,FALSE),"") -> バギー | M7: =IFERROR(VLOOKUP(K7,キャラマスタ[],2,FALSE),"") | O7: =IFERROR(VLOOKUP(N7,勢力マスタ[],2,FALSE),"") | P7: C001-21 | R7: =IFERROR(VLOOKUP(P7,キャラマスタ[],2,FALSE),"") -> ロロノア・ゾロ | S7: =IFERROR(VLOOKUP(Q7,キャラマスタ[],2,FALSE),"") | U7: =+IFERROR(VLOOKUP(テーブル10[[#This Row],[技ID]],技マスタ[],2,FALSE),"") | V7: タイマン
A8: B001-07 | B8: 2 | C8: 12 | D8: 0 | E8: 1.8 | F8: L-006 | G8: =VLOOKUP(F8,場所マスタ!$A$1:$I$125,5,FALSE) -> オレンジの町 | H8: G-001 | I8: =IFERROR(VLOOKUP(H8,勢力マスタ[],2,FALSE),"") -> 麦わらの一味 | J8: C001-01 | L8: =IFERROR(VLOOKUP(J8,キャラマスタ[],2,FALSE),"") -> モンキー・D・ルフィ | M8: =IFERROR(VLOOKUP(K8,キャラマスタ[],2,FALSE),"") | N8: G-009 | O8: =IFERROR(VLOOKUP(N8,勢力マスタ[],2,FALSE),"") -> バギー海賊団 | P8: C002-04 | Q8: C002-05 | R8: =IFERROR(VLOOKUP(P8,キャラマスタ[],2,FALSE),"") -> モージ | S8: =IFERROR(VLOOKUP(Q8,キャラマスタ[],2,FALSE),"") -> リッチー | T8: M-006 | U8: =+IFERROR(VLOOKUP(テーブル10[[#This Row],[技ID]],技マスタ[],2,FALSE),"") -> ゴムゴムの槌（ツチ） | V8: タイマン
A9: B001-08 | B9: 2 | C9: 16 | D9: 0 | E9: 1.8 | F9: L-006 | G9: =VLOOKUP(F9,場所マスタ!$A$1:$I$125,5,FALSE) -> オレンジの町 | H9: G-001 | I9: =IFERROR(VLOOKUP(H9,勢力マスタ[],2,FALSE),"") -> 麦わらの一味 | J9: C001-21 | L9: =IFERROR(VLOOKUP(J9,キャラマスタ[],2,FALSE),"") -> ロロノア・ゾロ | M9: =IFERROR(VLOOKUP(K9,キャラマスタ[],2,FALSE),"") | N9: G-009 | O9: =IFERROR(VLOOKUP(N9,勢力マスタ[],2,FALSE),"") -> バギー海賊団 | P9: C002-10 | R9: =IFERROR(VLOOKUP(P9,キャラマスタ[],2,FALSE),"") -> カバジ | S9: =IFERROR(VLOOKUP(Q9,キャラマスタ[],2,FALSE),"") | T9: M-015 | U9: =+IFERROR(VLOOKUP(テーブル10[[#This Row],[技ID]],技マスタ[],2,FALSE),"") -> 鬼斬り | V9: タイマン
A10: B001-09 | B10: 3 | C10: 18 | D10: 0 | E10: 1.8 | F10: L-006 | G10: =VLOOKUP(F10,場所マスタ!$A$1:$I$125,5,FALSE) -> オレンジの町 | H10: G-001 | I10: =IFERROR(VLOOKUP(H10,勢力マスタ[],2,FALSE),"") -> 麦わらの一味 | J10: C001-01 | L10: =IFERROR(VLOOKUP(J10,キャラマスタ[],2,FALSE),"") -> モンキー・D・ルフィ | M10: =IFERROR(VLOOKUP(K10,キャラマスタ[],2,FALSE),"") | N10: G-009 | O10: =IFERROR(VLOOKUP(N10,勢力マスタ[],2,FALSE),"") -> バギー海賊団 | P10: C002-01 | R10: =IFERROR(VLOOKUP(P10,キャラマスタ[],2,FALSE),"") -> バギー | S10: =IFERROR(VLOOKUP(Q10,キャラマスタ[],2,FALSE),"") | T10: M-021 | U10: =+IFERROR(VLOOKUP(テーブル10[[#This Row],[技ID]],技マスタ[],2,FALSE),"") -> ゴムゴムのバズーカ | V10: タイマン
A11: B001-10 | B11: 4 | C11: 31 | D11: 0 | E11: 3 | F11: L-010 | G11: =VLOOKUP(F11,場所マスタ!$A$1:$I$125,5,FALSE) -> シロップ村 | H11: G-001 | I11: =IFERROR(VLOOKUP(H11,勢力マスタ[],2,FALSE),"") -> 麦わらの一味 | J11: C001-21 | L11: =IFERROR(VLOOKUP(J11,キャラマスタ[],2,FALSE),"") -> ロロノア・ゾロ | M11: =IFERROR(VLOOKUP(K11,キャラマスタ[],2,FALSE),"") | N11: G-011 | O11: =IFERROR(VLOOKUP(N11,勢力マスタ[],2,FALSE),"") -> クロネコ海賊団 | P11: C004-01 | Q11: C004-02 | R11: =IFERROR(VLOOKUP(P11,キャラマスタ[],2,FALSE),"") -> シャム | S11: =IFERROR(VLOOKUP(Q11,キャラマスタ[],2,FALSE),"") -> ブチ | T11: M-030 | U11: =+IFERROR(VLOOKUP(テーブル10[[#This Row],[技ID]],技マスタ[],2,FALSE),"") -> 虎狩り | V11: タイマン
A12: B001-11 | B12: 4 | C12: 34 | D12: 0 | E12: 3 | F12: L-010 | G12: =VLOOKUP(F12,場所マスタ!$A$1:$I$125,5,FALSE) -> シロップ村 | H12: G-001 | I12: =IFERROR(VLOOKUP(H12,勢力マスタ[],2,FALSE),"") -> 麦わらの一味 | J12: C001-01 | L12: =IFERROR(VLOOKUP(J12,キャラマスタ[],2,FALSE),"") -> モンキー・D・ルフィ | M12: =IFERROR(VLOOKUP(K12,キャラマスタ[],2,FALSE),"") | N12: G-011 | O12: =IFERROR(VLOOKUP(N12,勢力マスタ[],2,FALSE),"") -> クロネコ海賊団 | P12: C003-08 | R12: =IFERROR(VLOOKUP(P12,キャラマスタ[],2,FALSE),"") -> クロ | S12: =IFERROR(VLOOKUP(Q12,キャラマスタ[],2,FALSE),"") | T12: M-035 | U12: =+IFERROR(VLOOKUP(テーブル10[[#This Row],[技ID]],技マスタ[],2,FALSE),"") -> ゴムゴムの鐘（カネ） | V12: タイマン
A13: B001-12 | B13: 5 | C13: 38 | D13: 0 | E13: 3 | F13: L-010 | G13: =VLOOKUP(F13,場所マスタ!$A$1:$I$125,5,FALSE) -> シロップ村 | H13: G-001 | I13: =IFERROR(VLOOKUP(H13,勢力マスタ[],2,FALSE),"") -> 麦わらの一味 | J13: C001-21 | K13: C003-03 | L13: =IFERROR(VLOOKUP(J13,キャラマスタ[],2,FALSE),"") -> ロロノア・ゾロ | M13: =IFERROR(VLOOKUP(K13,キャラマスタ[],2,FALSE),"") -> ウソップ | N13: G-011 | O13: =IFERROR(VLOOKUP(N13,勢力マスタ[],2,FALSE),"") -> クロネコ海賊団 | P13: C003-12 | R13: =IFERROR(VLOOKUP(P13,キャラマスタ[],2,FALSE),"") -> ジャンゴ | S13: =IFERROR(VLOOKUP(Q13,キャラマスタ[],2,FALSE),"") | T13: M-034 | U13: =+IFERROR(VLOOKUP(テーブル10[[#This Row],[技ID]],技マスタ[],2,FALSE),"") -> 火薬星 | V13: チーム戦
A14: B001-13 | B14: 5 | C14: 43 | D14: 0 | E14: 5 | F14: L-013 | G14: =VLOOKUP(F14,場所マスタ!$A$1:$I$125,5,FALSE) -> バラティエ | I14: =IFERROR(VLOOKUP(H14,勢力マスタ[],2,FALSE),"") | J14: C005-06 | L14: =IFERROR(VLOOKUP(J14,キャラマスタ[],2,FALSE),"") -> フルボディ | M14: =IFERROR(VLOOKUP(K14,キャラマスタ[],2,FALSE),"") | O14: =IFERROR(VLOOKUP(N14,勢力マスタ[],2,FALSE),"") | P14: C005-04 | Q14: C005-05 | R14: =IFERROR(VLOOKUP(P14,キャラマスタ[],2,FALSE),"") -> ヨサク | S14: =IFERROR(VLOOKUP(Q14,キャラマスタ[],2,FALSE),"") -> ジョニー | U14: =+IFERROR(VLOOKUP(テーブル10[[#This Row],[技ID]],技マスタ[],2,FALSE),"") | V14: タイマン
A15: B001-14 | B15: 5 | C15: 43 | D15: 0 | E15: 5 | F15: L-013 | G15: =VLOOKUP(F15,場所マスタ!$A$1:$I$125,5,FALSE) -> バラティエ | H15: G-012 | I15: =IFERROR(VLOOKUP(H15,勢力マスタ[],2,FALSE),"") -> 海上レストランバラティエ | J15: C005-09 | L15: =IFERROR(VLOOKUP(J15,キャラマスタ[],2,FALSE),"") -> サンジ | M15: =IFERROR(VLOOKUP(K15,キャラマスタ[],2,FALSE),"") | O15: =IFERROR(VLOOKUP(N15,勢力マスタ[],2,FALSE),"") | P15: C005-06 | R15: =IFERROR(VLOOKUP(P15,キャラマスタ[],2,FALSE),"") -> フルボディ | S15: =IFERROR(VLOOKUP(Q15,キャラマスタ[],2,FALSE),"") | U15: =+IFERROR(VLOOKUP(テーブル10[[#This Row],[技ID]],技マスタ[],2,FALSE),"") | V15: タイマン
A16: B001-15 | B16: 5 | C16: 44 | D16: 0 | E16: 5 | F16: L-013 | G16: =VLOOKUP(F16,場所マスタ!$A$1:$I$125,5,FALSE) -> バラティエ | H16: G-012 | I16: =IFERROR(VLOOKUP(H16,勢力マスタ[],2,FALSE),"") -> 海上レストランバラティエ | J16: C005-12 | L16: =IFERROR(VLOOKUP(J16,キャラマスタ[],2,FALSE),"") -> パティ | M16: =IFERROR(VLOOKUP(K16,キャラマスタ[],2,FALSE),"") | N16: G-013 | O16: =IFERROR(VLOOKUP(N16,勢力マスタ[],2,FALSE),"") -> クリーク海賊団 | P16: C005-15 | R16: =IFERROR(VLOOKUP(P16,キャラマスタ[],2,FALSE),"") -> ギン | S16: =IFERROR(VLOOKUP(Q16,キャラマスタ[],2,FALSE),"") | U16: =+IFERROR(VLOOKUP(テーブル10[[#This Row],[技ID]],技マスタ[],2,FALSE),"") | V16: タイマン
A17: B001-16 | B17: 6 | C17: 51 | D17: 0 | E17: 7 | F17: L-013 | G17: =VLOOKUP(F17,場所マスタ!$A$1:$I$125,5,FALSE) -> バラティエ | H17: G-001 | I17: =IFERROR(VLOOKUP(H17,勢力マスタ[],2,FALSE),"") -> 麦わらの一味 | J17: C001-21 | L17: =IFERROR(VLOOKUP(J17,キャラマスタ[],2,FALSE),"") -> ロロノア・ゾロ | M17: =IFERROR(VLOOKUP(K17,キャラマスタ[],2,FALSE),"") | N17: G-014 | O17: =IFERROR(VLOOKUP(N17,勢力マスタ[],2,FALSE),"") -> 王下七武海 | P17: C006-04 | R17: =IFERROR(VLOOKUP(P17,キャラマスタ[],2,FALSE),"") -> ジュラキュール・ミホーク | S17: =IFERROR(VLOOKUP(Q17,キャラマスタ[],2,FALSE),"") | U17: =+IFERROR(VLOOKUP(テーブル10[[#This Row],[技ID]],技マスタ[],2,FALSE),"") | V17: タイマン
A18: B001-17 | B18: 7 | C18: 55 | D18: 0 | E18: 7.5 | F18: L-013 | G18: =VLOOKUP(F18,場所マスタ!$A$1:$I$125,5,FALSE) -> バラティエ | H18: G-012 | I18: =IFERROR(VLOOKUP(H18,勢力マスタ[],2,FALSE),"") -> 海上レストランバラティエ | J18: C005-09 | L18: =IFERROR(VLOOKUP(J18,キャラマスタ[],2,FALSE),"") -> サンジ | M18: =IFERROR(VLOOKUP(K18,キャラマスタ[],2,FALSE),"") | N18: G-013 | O18: =IFERROR(VLOOKUP(N18,勢力マスタ[],2,FALSE),"") -> クリーク海賊団 | P18: C007-01 | R18: =IFERROR(VLOOKUP(P18,キャラマスタ[],2,FALSE),"") -> パール | S18: =IFERROR(VLOOKUP(Q18,キャラマスタ[],2,FALSE),"") | U18: =+IFERROR(VLOOKUP(テーブル10[[#This Row],[技ID]],技マスタ[],2,FALSE),"") | V18: タイマン
A19: B001-18 | B19: 7 | C19: 60 | D19: 0 | E19: 7.5 | F19: L-013 | G19: =VLOOKUP(F19,場所マスタ!$A$1:$I$125,5,FALSE) -> バラティエ | H19: G-012 | I19: =IFERROR(VLOOKUP(H19,勢力マスタ[],2,FALSE),"") -> 海上レストランバラティエ | J19: C005-09 | L19: =IFERROR(VLOOKUP(J19,キャラマスタ[],2,FALSE),"") -> サンジ | M19: =IFERROR(VLOOKUP(K19,キャラマスタ[],2,FALSE),"") | N19: G-013 | O19: =IFERROR(VLOOKUP(N19,勢力マスタ[],2,FALSE),"") -> クリーク海賊団 | P19: C005-15 | R19: =IFERROR(VLOOKUP(P19,キャラマスタ[],2,FALSE),"") -> ギン | S19: =IFERROR(VLOOKUP(Q19,キャラマスタ[],2,FALSE),"") | U19: =+IFERROR(VLOOKUP(テーブル10[[#This Row],[技ID]],技マスタ[],2,FALSE),"") | V19: タイマン
A20: B001-19 | B20: 7 | C20: 60 | D20: 0 | E20: 7.5 | F20: L-013 | G20: =VLOOKUP(F20,場所マスタ!$A$1:$I$125,5,FALSE) -> バラティエ | H20: G-012 | I20: =IFERROR(VLOOKUP(H20,勢力マスタ[],2,FALSE),"") -> 海上レストランバラティエ | J20: C001-01 | L20: =IFERROR(VLOOKUP(J20,キャラマスタ[],2,FALSE),"") -> モンキー・D・ルフィ | M20: =IFERROR(VLOOKUP(K20,キャラマスタ[],2,FALSE),"") | N20: G-013 | O20: =IFERROR(VLOOKUP(N20,勢力マスタ[],2,FALSE),"") -> クリーク海賊団 | P20: C006-03 | R20: =IFERROR(VLOOKUP(P20,キャラマスタ[],2,FALSE),"") -> クリーク | S20: =IFERROR(VLOOKUP(Q20,キャラマスタ[],2,FALSE),"") | T20: M-053 | U20: =+IFERROR(VLOOKUP(テーブル10[[#This Row],[技ID]],技マスタ[],2,FALSE),"") -> ゴムゴムの大槌（オオヅチ） | V20: タイマン
A21: B001-20 | B21: 9 | C21: 73 | D21: 0 | E21: 8.3 | F21: L-020 | G21: =VLOOKUP(F21,場所マスタ!$A$1:$I$125,5,FALSE) -> アーロンパーク近海 | H21: G-001 | I21: =IFERROR(VLOOKUP(H21,勢力マスタ[],2,FALSE),"") -> 麦わらの一味 | J21: C001-01 | K21: C005-09 | L21: =IFERROR(VLOOKUP(J21,キャラマスタ[],2,FALSE),"") -> モンキー・D・ルフィ | M21: =IFERROR(VLOOKUP(K21,キャラマスタ[],2,FALSE),"") -> サンジ | N21: G-017 | O21: =IFERROR(VLOOKUP(N21,勢力マスタ[],2,FALSE),"") -> アーロン一味 | P21: C009-03 | R21: =IFERROR(VLOOKUP(P21,キャラマスタ[],2,FALSE),"") -> モーム | S21: =IFERROR(VLOOKUP(Q21,キャラマスタ[],2,FALSE),"") | T21: M-055 | U21: =+IFERROR(VLOOKUP(テーブル10[[#This Row],[技ID]],技マスタ[],2,FALSE),"") -> 首肉（コリエ）シュート | V21: タイマン
A22: B001-21 | B22: 9 | C22: 74 | D22: 0 | E22: 8.5 | F22: L-018 | G22: =VLOOKUP(F22,場所マスタ!$A$1:$I$125,5,FALSE) -> アーロンパーク | H22: G-017 | I22: =IFERROR(VLOOKUP(H22,勢力マスタ[],2,FALSE),"") -> アーロン一味 | J22: C001-34 | L22: =IFERROR(VLOOKUP(J22,キャラマスタ[],2,FALSE),"") -> ナミ | M22: =IFERROR(VLOOKUP(K22,キャラマスタ[],2,FALSE),"") | N22: G-001 | O22: =IFERROR(VLOOKUP(N22,勢力マスタ[],2,FALSE),"") -> 麦わらの一味 | P22: C003-03 | R22: =IFERROR(VLOOKUP(P22,キャラマスタ[],2,FALSE),"") -> ウソップ | S22: =IFERROR(VLOOKUP(Q22,キャラマスタ[],2,FALSE),"") | U22: =+IFERROR(VLOOKUP(テーブル10[[#This Row],[技ID]],技マスタ[],2,FALSE),"") | V22: タイマン
A23: B001-22 | B23: 10 | C23: 82 | D23: 0 | E23: 8.7 | F23: L-018 | G23: =VLOOKUP(F23,場所マスタ!$A$1:$I$125,5,FALSE) -> アーロンパーク | H23: G-001 | I23: =IFERROR(VLOOKUP(H23,勢力マスタ[],2,FALSE),"") -> 麦わらの一味 | L23: =IFERROR(VLOOKUP(J23,キャラマスタ[],2,FALSE),"") | M23: =IFERROR(VLOOKUP(K23,キャラマスタ[],2,FALSE),"") | N23: G-017 | O23: =IFERROR(VLOOKUP(N23,勢力マスタ[],2,FALSE),"") -> アーロン一味 | R23: =IFERROR(VLOOKUP(P23,キャラマスタ[],2,FALSE),"") | S23: =IFERROR(VLOOKUP(Q23,キャラマスタ[],2,FALSE),"") | U23: =+IFERROR(VLOOKUP(テーブル10[[#This Row],[技ID]],技マスタ[],2,FALSE),"") | V23: 軍団戦 | W23: 1
A24: B001-23 | B24: 10 | C24: 82 | D24: 0 | E24: 8.7 | F24: L-018 | G24: =VLOOKUP(F24,場所マスタ!$A$1:$I$125,5,FALSE) -> アーロンパーク | H24: G-001 | I24: =IFERROR(VLOOKUP(H24,勢力マスタ[],2,FALSE),"") -> 麦わらの一味 | J24: C001-01 | L24: =IFERROR(VLOOKUP(J24,キャラマスタ[],2,FALSE),"") -> モンキー・D・ルフィ | M24: =IFERROR(VLOOKUP(K24,キャラマスタ[],2,FALSE),"") | N24: G-017 | O24: =IFERROR(VLOOKUP(N24,勢力マスタ[],2,FALSE),"") -> アーロン一味 | P24: C009-03 | R24: =IFERROR(VLOOKUP(P24,キャラマスタ[],2,FALSE),"") -> モーム | S24: =IFERROR(VLOOKUP(Q24,キャラマスタ[],2,FALSE),"") | T24: M-058 | U24: =+IFERROR(VLOOKUP(テーブル10[[#This Row],[技ID]],技マスタ[],2,FALSE),"") -> ゴムゴムの風車 | V24: タイマン
A25: B001-24 | B25: 10 | C25: 82 | D25: 0 | E25: 8.7 | F25: L-018 | G25: =VLOOKUP(F25,場所マスタ!$A$1:$I$125,5,FALSE) -> アーロンパーク | H25: G-001 | I25: =IFERROR(VLOOKUP(H25,勢力マスタ[],2,FALSE),"") -> 麦わらの一味 | J25: C001-21 | L25: =IFERROR(VLOOKUP(J25,キャラマスタ[],2,FALSE),"") -> ロロノア・ゾロ | M25: =IFERROR(VLOOKUP(K25,キャラマスタ[],2,FALSE),"") | N25: G-017 | O25: =IFERROR(VLOOKUP(N25,勢力マスタ[],2,FALSE),"") -> アーロン一味 | P25: C008-06 | R25: =IFERROR(VLOOKUP(P25,キャラマスタ[],2,FALSE),"") -> はっちゃん | S25: =IFERROR(VLOOKUP(Q25,キャラマスタ[],2,FALSE),"") | T25: M-069 | U25: =+IFERROR(VLOOKUP(テーブル10[[#This Row],[技ID]],技マスタ[],2,FALSE),"") -> 龍巻き | V25: タイマン
A26: B001-25 | B26: 10 | C26: 82 | D26: 0 | E26: 8.7 | F26: L-018 | G26: =VLOOKUP(F26,場所マスタ!$A$1:$I$125,5,FALSE) -> アーロンパーク | H26: G-001 | I26: =IFERROR(VLOOKUP(H26,勢力マスタ[],2,FALSE),"") -> 麦わらの一味 | J26: C005-09 | L26: =IFERROR(VLOOKUP(J26,キャラマスタ[],2,FALSE),"") -> サンジ | M26: =IFERROR(VLOOKUP(K26,キャラマスタ[],2,FALSE),"") | N26: G-017 | O26: =IFERROR(VLOOKUP(N26,勢力マスタ[],2,FALSE),"") -> アーロン一味 | P26: C009-05 | R26: =IFERROR(VLOOKUP(P26,キャラマスタ[],2,FALSE),"") -> クロオビ | S26: =IFERROR(VLOOKUP(Q26,キャラマスタ[],2,FALSE),"") | T26: M-083 | U26: =+IFERROR(VLOOKUP(テーブル10[[#This Row],[技ID]],技マスタ[],2,FALSE),"") -> 羊肉（ムートン）ショット | V26: タイマン
A27: B001-26 | B27: 10 | C27: 82 | D27: 0 | E27: 8.7 | F27: L-018 | G27: =VLOOKUP(F27,場所マスタ!$A$1:$I$125,5,FALSE) -> アーロンパーク | H27: G-001 | I27: =IFERROR(VLOOKUP(H27,勢力マスタ[],2,FALSE),"") -> 麦わらの一味 | J27: C003-03 | L27: =IFERROR(VLOOKUP(J27,キャラマスタ[],2,FALSE),"") -> ウソップ | M27: =IFERROR(VLOOKUP(K27,キャラマスタ[],2,FALSE),"") | N27: G-017 | O27: =IFERROR(VLOOKUP(N27,勢力マスタ[],2,FALSE),"") -> アーロン一味 | P27: C009-04 | R27: =IFERROR(VLOOKUP(P27,キャラマスタ[],2,FALSE),"") -> チュウ | S27: =IFERROR(VLOOKUP(Q27,キャラマスタ[],2,FALSE),"") | T27: M-086 | U27: =+IFERROR(VLOOKUP(テーブル10[[#This Row],[技ID]],技マスタ[],2,FALSE),"") -> ウソップハンマー | V27: タイマン
A28: B001-27 | B28: 10 | C28: 82 | D28: 0 | E28: 8.7 | F28: L-018 | G28: =VLOOKUP(F28,場所マスタ!$A$1:$I$125,5,FALSE) -> アーロンパーク | H28: G-001 | I28: =IFERROR(VLOOKUP(H28,勢力マスタ[],2,FALSE),"") -> 麦わらの一味 | J28: C001-01 | L28: =IFERROR(VLOOKUP(J28,キャラマスタ[],2,FALSE),"") -> モンキー・D・ルフィ | M28: =IFERROR(VLOOKUP(K28,キャラマスタ[],2,FALSE),"") | N28: G-017 | O28: =IFERROR(VLOOKUP(N28,勢力マスタ[],2,FALSE),"") -> アーロン一味 | P28: C008-05 | R28: =IFERROR(VLOOKUP(P28,キャラマスタ[],2,FALSE),"") -> アーロン | S28: =IFERROR(VLOOKUP(Q28,キャラマスタ[],2,FALSE),"") | T28: M-047 | U28: =+IFERROR(VLOOKUP(テーブル10[[#This Row],[技ID]],技マスタ[],2,FALSE),"") -> ゴムゴムの戦斧（オノ） | V28: タイマン
A29: B001-28 | B29: 12 | C29: 100 | D29: 0 | E29: 11.2 | F29: L-021 | G29: =VLOOKUP(F29,場所マスタ!$A$1:$I$125,5,FALSE) -> ローグタウン | H29: G-006 | I29: =IFERROR(VLOOKUP(H29,勢力マスタ[],2,FALSE),"") -> 海軍 | J29: C011-13 | L29: =IFERROR(VLOOKUP(J29,キャラマスタ[],2,FALSE),"") -> スモーカー | M29: =IFERROR(VLOOKUP(K29,キャラマスタ[],2,FALSE),"") | N29: G-009 | O29: =IFERROR(VLOOKUP(N29,勢力マスタ[],2,FALSE),"") -> バギー海賊団 | P29: C002-01 | R29: =IFERROR(VLOOKUP(P29,キャラマスタ[],2,FALSE),"") -> バギー | S29: =IFERROR(VLOOKUP(Q29,キャラマスタ[],2,FALSE),"") | T29: M-101 | U29: =+IFERROR(VLOOKUP(テーブル10[[#This Row],[技ID]],技マスタ[],2,FALSE),"") -> ホワイト・アウト | V29: 乱戦
A30: B001-29 | B30: 12 | C30: 100 | D30: 0 | E30: 11.2 | F30: L-021 | G30: =VLOOKUP(F30,場所マスタ!$A$1:$I$125,5,FALSE) -> ローグタウン | H30: G-006 | I30: =IFERROR(VLOOKUP(H30,勢力マスタ[],2,FALSE),"") -> 海軍 | J30: C011-13 | L30: =IFERROR(VLOOKUP(J30,キャラマスタ[],2,FALSE),"") -> スモーカー | M30: =IFERROR(VLOOKUP(K30,キャラマスタ[],2,FALSE),"") | N30: G-005 | O30: =IFERROR(VLOOKUP(N30,勢力マスタ[],2,FALSE),"") -> アルビダ海賊団 | P30: C001-17 | R30: =IFERROR(VLOOKUP(P30,キャラマスタ[],2,FALSE),"") -> アルビダ | S30: =IFERROR(VLOOKUP(Q30,キャラマスタ[],2,FALSE),"") | T30: M-101 | U30: =+IFERROR(VLOOKUP(テーブル10[[#This Row],[技ID]],技マスタ[],2,FALSE),"") -> ホワイト・アウト | V30: 乱戦
A31: B001-30 | B31: 12 | C31: 104 | D31: 0 | E31: 11.5 | F31: L-025 | G31: =VLOOKUP(F31,場所マスタ!$A$1:$I$125,5,FALSE) -> 双子岬 | H31: G-001 | I31: =IFERROR(VLOOKUP(H31,勢力マスタ[],2,FALSE),"") -> 麦わらの一味 | J31: C001-01 | L31: =IFERROR(VLOOKUP(J31,キャラマスタ[],2,FALSE),"") -> モンキー・D・ルフィ | M31: =IFERROR(VLOOKUP(K31,キャラマスタ[],2,FALSE),"") | N31: G-008 | O31: =IFERROR(VLOOKUP(N31,勢力マスタ[],2,FALSE),"") -> 無所属 | P31: C012-02 | R31: =IFERROR(VLOOKUP(P31,キャラマスタ[],2,FALSE),"") -> ラブーン | S31: =IFERROR(VLOOKUP(Q31,キャラマスタ[],2,FALSE),"") | U31: =+IFERROR(VLOOKUP(テーブル10[[#This Row],[技ID]],技マスタ[],2,FALSE),"") | V31: タイマン
A32: B001-31 | B32: 13 | C32: 110 | D32: 0 | E32: 11.8 | F32: L-026 | G32: =VLOOKUP(F32,場所マスタ!$A$1:$I$125,5,FALSE) -> ウイスキーピーク | H32: G-001 | I32: =IFERROR(VLOOKUP(H32,勢力マスタ[],2,FALSE),"") -> 麦わらの一味 | J32: C001-21 | L32: =IFERROR(VLOOKUP(J32,キャラマスタ[],2,FALSE),"") -> ロロノア・ゾロ | M32: =IFERROR(VLOOKUP(K32,キャラマスタ[],2,FALSE),"") | N32: G-019 | O32: =IFERROR(VLOOKUP(N32,勢力マスタ[],2,FALSE),"") -> バロック・ワークス | R32: =IFERROR(VLOOKUP(P32,キャラマスタ[],2,FALSE),"") | S32: =IFERROR(VLOOKUP(Q32,キャラマスタ[],2,FALSE),"") | U32: =+IFERROR(VLOOKUP(テーブル10[[#This Row],[技ID]],技マスタ[],2,FALSE),"") | V32: 乱戦
A33: B001-32 | B33: 13 | C33: 112 | D33: 0 | E33: 11.8 | F33: L-026 | G33: =VLOOKUP(F33,場所マスタ!$A$1:$I$125,5,FALSE) -> ウイスキーピーク | H33: G-001 | I33: =IFERROR(VLOOKUP(H33,勢力マスタ[],2,FALSE),"") -> 麦わらの一味 | J33: C001-01 | L33: =IFERROR(VLOOKUP(J33,キャラマスタ[],2,FALSE),"") -> モンキー・D・ルフィ | M33: =IFERROR(VLOOKUP(K33,キャラマスタ[],2,FALSE),"") | N33: G-001 | O33: =IFERROR(VLOOKUP(N33,勢力マスタ[],2,FALSE),"") -> 麦わらの一味 | P33: C001-21 | R33: =IFERROR(VLOOKUP(P33,キャラマスタ[],2,FALSE),"") -> ロロノア・ゾロ | S33: =IFERROR(VLOOKUP(Q33,キャラマスタ[],2,FALSE),"") | U33: =+IFERROR(VLOOKUP(テーブル10[[#This Row],[技ID]],技マスタ[],2,FALSE),"") | V33: タイマン
A34: B001-33 | B34: 13 | C34: 112 | D34: 0 | E34: 11.8 | F34: L-026 | G34: =VLOOKUP(F34,場所マスタ!$A$1:$I$125,5,FALSE) -> ウイスキーピーク | H34: G-001 | I34: =IFERROR(VLOOKUP(H34,勢力マスタ[],2,FALSE),"") -> 麦わらの一味 | J34: C001-01 | K34: C001-21 | L34: =IFERROR(VLOOKUP(J34,キャラマスタ[],2,FALSE),"") -> モンキー・D・ルフィ | M34: =IFERROR(VLOOKUP(K34,キャラマスタ[],2,FALSE),"") -> ロロノア・ゾロ | N34: G-019 | O34: =IFERROR(VLOOKUP(N34,勢力マスタ[],2,FALSE),"") -> バロック・ワークス | P34: C013-02 | Q34: C013-03 | R34: =IFERROR(VLOOKUP(P34,キャラマスタ[],2,FALSE),"") -> Mr.5 | S34: =IFERROR(VLOOKUP(Q34,キャラマスタ[],2,FALSE),"") -> ミス・バレンタイン | U34: =+IFERROR(VLOOKUP(テーブル10[[#This Row],[技ID]],技マスタ[],2,FALSE),"") | V34: タイマン
A35: B001-34 | G35: =VLOOKUP(F35,場所マスタ!$A$1:$I$125,5,FALSE) -> #N/A | I35: =IFERROR(VLOOKUP(H35,勢力マスタ[],2,FALSE),"") | L35: =IFERROR(VLOOKUP(J35,キャラマスタ[],2,FALSE),"") | M35: =IFERROR(VLOOKUP(K35,キャラマスタ[],2,FALSE),"") | O35: =IFERROR(VLOOKUP(N35,勢力マスタ[],2,FALSE),"") | R35: =IFERROR(VLOOKUP(P35,キャラマスタ[],2,FALSE),"") | S35: =IFERROR(VLOOKUP(Q35,キャラマスタ[],2,FALSE),"") | U35: =+IFERROR(VLOOKUP(テーブル10[[#This Row],[技ID]],技マスタ[],2,FALSE),"")
A36: B001-35 | G36: =VLOOKUP(F36,場所マスタ!$A$1:$I$125,5,FALSE) -> #N/A | I36: =IFERROR(VLOOKUP(H36,勢力マスタ[],2,FALSE),"") | L36: =IFERROR(VLOOKUP(J36,キャラマスタ[],2,FALSE),"") | M36: =IFERROR(VLOOKUP(K36,キャラマスタ[],2,FALSE),"") | O36: =IFERROR(VLOOKUP(N36,勢力マスタ[],2,FALSE),"") | R36: =IFERROR(VLOOKUP(P36,キャラマスタ[],2,FALSE),"") | S36: =IFERROR(VLOOKUP(Q36,キャラマスタ[],2,FALSE),"") | U36: =+IFERROR(VLOOKUP(テーブル10[[#This Row],[技ID]],技マスタ[],2,FALSE),"")

Sheet 技ログ
A1: 使用者ID | B1: 使用者 | C1: 技ID | D1: 技名 | E1: 巻数 | F1: 話数 | G1: 相手ID | H1: 相手 | I1: 決まり手フラグ
A2: C001-01 | B2: =VLOOKUP(A2,キャラマスタ[],2,FALSE) -> モンキー・D・ルフィ | C2: M-001 | D2: =VLOOKUP(C2,技マスタ!$A$1:$J$605,2,FALSE) -> ゴムゴムの銃（ピストル） | E2: 1 | F2: 1 | G2: C001-15 | H2: =IFERROR(VLOOKUP(G2,キャラマスタ[],2,FALSE),"") -> 近海の主 | I2: 1
A3: C001-01 | B3: =VLOOKUP(A3,キャラマスタ[],2,FALSE) -> モンキー・D・ルフィ | C3: M-001 | D3: =VLOOKUP(C3,技マスタ!$A$1:$J$605,2,FALSE) -> ゴムゴムの銃（ピストル） | E3: 1 | F3: 2 | G3: C001-17 | H3: =IFERROR(VLOOKUP(G3,キャラマスタ[],2,FALSE),"") -> アルビダ | I3: 1
A4: C001-01 | B4: =VLOOKUP(A4,キャラマスタ[],2,FALSE) -> モンキー・D・ルフィ | C4: M-002 | D4: =VLOOKUP(C4,技マスタ!$A$1:$J$605,2,FALSE) -> ゴムゴムのロケット | E4: 1 | F4: 4 | H4: =IFERROR(VLOOKUP(G4,キャラマスタ[],2,FALSE),"")
A5: C001-01 | B5: =VLOOKUP(A5,キャラマスタ[],2,FALSE) -> モンキー・D・ルフィ | C5: M-003 | D5: =VLOOKUP(C5,技マスタ!$A$1:$J$605,2,FALSE) -> ゴムゴムの鞭（ムチ） | E5: 1 | F5: 6 | H5: =IFERROR(VLOOKUP(G5,キャラマスタ[],2,FALSE),"")
A6: C001-01 | B6: =VLOOKUP(A6,キャラマスタ[],2,FALSE) -> モンキー・D・ルフィ | C6: M-001 | D6: =VLOOKUP(C6,技マスタ!$A$1:$J$605,2,FALSE) -> ゴムゴムの銃（ピストル） | E6: 1 | F6: 6 | G6: C001-23 | H6: =IFERROR(VLOOKUP(G6,キャラマスタ[],2,FALSE),"") -> ヘルメッポ | I6: 1
A7: C001-01 | B7: =VLOOKUP(A7,キャラマスタ[],2,FALSE) -> モンキー・D・ルフィ | C7: M-002 | D7: =VLOOKUP(C7,技マスタ!$A$1:$J$605,2,FALSE) -> ゴムゴムのロケット | E7: 1 | F7: 8 | G7: C001-32 | H7: =IFERROR(VLOOKUP(G7,キャラマスタ[],2,FALSE),"") -> 怪鳥ピンキー
A8: C002-01 | B8: =VLOOKUP(A8,キャラマスタ[],2,FALSE) -> バギー | C8: M-004 | D8: =VLOOKUP(C8,技マスタ!$A$1:$J$605,2,FALSE) -> 特製バギー玉 | E8: 2 | F8: 10 | H8: =IFERROR(VLOOKUP(G8,キャラマスタ[],2,FALSE),"")
A9: C002-01 | B9: =VLOOKUP(A9,キャラマスタ[],2,FALSE) -> バギー | C9: M-005 | D9: =VLOOKUP(C9,技マスタ!$A$1:$J$605,2,FALSE) -> バラバラ砲 | E9: 2 | F9: 11 | G9: C001-21 | H9: =IFERROR(VLOOKUP(G9,キャラマスタ[],2,FALSE),"") -> ロロノア・ゾロ
A10: C001-01 | B10: =VLOOKUP(A10,キャラマスタ[],2,FALSE) -> モンキー・D・ルフィ | C10: M-006 | D10: =VLOOKUP(C10,技マスタ!$A$1:$J$605,2,FALSE) -> ゴムゴムの槌（ツチ） | E10: 2 | F10: 13 | G10: C002-05 | H10: =IFERROR(VLOOKUP(G10,キャラマスタ[],2,FALSE),"") -> リッチー | I10: 1
A11: C002-01 | B11: =VLOOKUP(A11,キャラマスタ[],2,FALSE) -> バギー | C11: M-004 | D11: =VLOOKUP(C11,技マスタ!$A$1:$J$605,2,FALSE) -> 特製バギー玉 | E11: 2 | F11: 14 | H11: =IFERROR(VLOOKUP(G11,キャラマスタ[],2,FALSE),"")
A12: C002-01 | B12: =VLOOKUP(A12,キャラマスタ[],2,FALSE) -> バギー | C12: M-004 | D12: =VLOOKUP(C12,技マスタ!$A$1:$J$605,2,FALSE) -> 特製バギー玉 | E12: 2 | F12: 15 | G12: C001-01 | H12: =IFERROR(VLOOKUP(G12,キャラマスタ[],2,FALSE),"") -> モンキー・D・ルフィ
A13: C001-01 | B13: =VLOOKUP(A13,キャラマスタ[],2,FALSE) -> モンキー・D・ルフィ | C13: M-007 | D13: =VLOOKUP(C13,技マスタ!$A$1:$J$605,2,FALSE) -> ゴムゴムの風船 | E13: 2 | F13: 15 | H13: =IFERROR(VLOOKUP(G13,キャラマスタ[],2,FALSE),"")
A14: C002-10 | B14: =VLOOKUP(A14,キャラマスタ[],2,FALSE) -> カバジ | C14: M-008 | D14: =VLOOKUP(C14,技マスタ!$A$1:$J$605,2,FALSE) -> 曲技”火事おやじ” | E14: 2 | F14: 16 | G14: C001-21 | H14: =IFERROR(VLOOKUP(G14,キャラマスタ[],2,FALSE),"") -> ロロノア・ゾロ
A15: C002-10 | B15: =VLOOKUP(A15,キャラマスタ[],2,FALSE) -> カバジ | C15: M-009 | D15: =VLOOKUP(C15,技マスタ!$A$1:$J$605,2,FALSE) -> 曲技”湯けむり殺人事件” | E15: 2 | F15: 16 | G15: C001-21 | H15: =IFERROR(VLOOKUP(G15,キャラマスタ[],2,FALSE),"") -> ロロノア・ゾロ
A16: C002-10 | B16: =VLOOKUP(A16,キャラマスタ[],2,FALSE) -> カバジ | C16: M-010 | D16: =VLOOKUP(C16,技マスタ!$A$1:$J$605,2,FALSE) -> 曲技”カミカゼ百コマ劇場” | E16: 2 | F16: 17 | G16: C001-21 | H16: =IFERROR(VLOOKUP(G16,キャラマスタ[],2,FALSE),"") -> ロロノア・ゾロ
A17: C002-10 | B17: =VLOOKUP(A17,キャラマスタ[],2,FALSE) -> カバジ | C17: M-011 | D17: =VLOOKUP(C17,技マスタ!$A$1:$J$605,2,FALSE) -> 曲技”山登ろー” | E17: 2 | F17: 17 | G17: C001-21 | H17: =IFERROR(VLOOKUP(G17,キャラマスタ[],2,FALSE),"") -> ロロノア・ゾロ
A18: C002-10 | B18: =VLOOKUP(A18,キャラマスタ[],2,FALSE) -> カバジ | C18: M-012 | D18: =VLOOKUP(C18,技マスタ!$A$1:$J$605,2,FALSE) -> 曲技”納涼打ち上げ花火” | E18: 2 | F18: 17 | G18: C001-21 | H18: =IFERROR(VLOOKUP(G18,キャラマスタ[],2,FALSE),"") -> ロロノア・ゾロ
A19: C002-10 | B19: =VLOOKUP(A19,キャラマスタ[],2,FALSE) -> カバジ | C19: M-013 | D19: =VLOOKUP(C19,技マスタ!$A$1:$J$605,2,FALSE) -> ”一輪刺し” | E19: 2 | F19: 17 | G19: C001-21 | H19: =IFERROR(VLOOKUP(G19,キャラマスタ[],2,FALSE),"") -> ロロノア・ゾロ
A20: C002-01 | B20: =VLOOKUP(A20,キャラマスタ[],2,FALSE) -> バギー | C20: M-014 | D20: =VLOOKUP(C20,技マスタ!$A$1:$J$605,2,FALSE) -> 地をはう”バラバラ砲” | E20: 2 | F20: 17 | G20: C001-21 | H20: =IFERROR(VLOOKUP(G20,キャラマスタ[],2,FALSE),"") -> ロロノア・ゾロ
A21: C001-21 | B21: =VLOOKUP(A21,キャラマスタ[],2,FALSE) -> ロロノア・ゾロ | C21: M-015 | D21: =VLOOKUP(C21,技マスタ!$A$1:$J$605,2,FALSE) -> 鬼斬り | E21: 2 | F21: 17 | G21: C002-10 | H21: =IFERROR(VLOOKUP(G21,キャラマスタ[],2,FALSE),"") -> カバジ | I21: 1
A22: C002-01 | B22: =VLOOKUP(A22,キャラマスタ[],2,FALSE) -> バギー | C22: M-016 | D22: =VLOOKUP(C22,技マスタ!$A$1:$J$605,2,FALSE) -> バラバラせんべい | E22: 3 | F22: 18 | G22: C001-01 | H22: =IFERROR(VLOOKUP(G22,キャラマスタ[],2,FALSE),"") -> モンキー・D・ルフィ
A23: C001-01 | B23: =VLOOKUP(A23,キャラマスタ[],2,FALSE) -> モンキー・D・ルフィ | C23: M-001 | D23: =VLOOKUP(C23,技マスタ!$A$1:$J$605,2,FALSE) -> ゴムゴムの銃（ピストル） | E23: 3 | F23: 18 | G23: C002-01 | H23: =IFERROR(VLOOKUP(G23,キャラマスタ[],2,FALSE),"") -> バギー
A24: C002-01 | B24: =VLOOKUP(A24,キャラマスタ[],2,FALSE) -> バギー | C24: M-017 | D24: =VLOOKUP(C24,技マスタ!$A$1:$J$605,2,FALSE) -> バラバラ緊急脱出 | E24: 3 | F24: 18 | G24: C001-01 | H24: =IFERROR(VLOOKUP(G24,キャラマスタ[],2,FALSE),"") -> モンキー・D・ルフィ
A25: C001-01 | B25: =VLOOKUP(A25,キャラマスタ[],2,FALSE) -> モンキー・D・ルフィ | C25: M-018 | D25: =VLOOKUP(C25,技マスタ!$A$1:$J$605,2,FALSE) -> ゴムゴムの鎌 | E25: 3 | F25: 18 | G25: C002-01 | H25: =IFERROR(VLOOKUP(G25,キャラマスタ[],2,FALSE),"") -> バギー
A26: C002-01 | B26: =VLOOKUP(A26,キャラマスタ[],2,FALSE) -> バギー | C26: M-019 | D26: =VLOOKUP(C26,技マスタ!$A$1:$J$605,2,FALSE) -> バラバラ砲・切り離し | E26: 3 | F26: 18 | G26: C001-01 | H26: =IFERROR(VLOOKUP(G26,キャラマスタ[],2,FALSE),"") -> モンキー・D・ルフィ
A27: C002-01 | B27: =VLOOKUP(A27,キャラマスタ[],2,FALSE) -> バギー | C27: M-017 | D27: =VLOOKUP(C27,技マスタ!$A$1:$J$605,2,FALSE) -> バラバラ緊急脱出 | E27: 3 | F27: 18 | G27: C001-01 | H27: =IFERROR(VLOOKUP(G27,キャラマスタ[],2,FALSE),"") -> モンキー・D・ルフィ
A28: C002-01 | B28: =VLOOKUP(A28,キャラマスタ[],2,FALSE) -> バギー | C28: M-020 | D28: =VLOOKUP(C28,技マスタ!$A$1:$J$605,2,FALSE) -> バラバラフェスティバル | E28: 3 | F28: 20 | G28: C001-01 | H28: =IFERROR(VLOOKUP(G28,キャラマスタ[],2,FALSE),"") -> モンキー・D・ルフィ
A29: C002-01 | B29: =VLOOKUP(A29,キャラマスタ[],2,FALSE) -> バギー | C29: M-020 | D29: =VLOOKUP(C29,技マスタ!$A$1:$J$605,2,FALSE) -> バラバラフェスティバル | E29: 3 | F29: 20 | G29: C001-34 | H29: =IFERROR(VLOOKUP(G29,キャラマスタ[],2,FALSE),"") -> ナミ
A30: C001-01 | B30: =VLOOKUP(A30,キャラマスタ[],2,FALSE) -> モンキー・D・ルフィ | C30: M-021 | D30: =VLOOKUP(C30,技マスタ!$A$1:$J$605,2,FALSE) -> ゴムゴムのバズーカ | E30: 3 | F30: 20 | G30: C002-01 | H30: =IFERROR(VLOOKUP(G30,キャラマスタ[],2,FALSE),"") -> バギー | I30: 1
A31: C003-12 | B31: =VLOOKUP(A31,キャラマスタ[],2,FALSE) -> ジャンゴ | C31: M-022 | D31: =VLOOKUP(C31,技マスタ!$A$1:$J$605,2,FALSE) -> ワン・ツー・ジャンゴ | E31: 3 | F31: 25 | G31: C003-05 | H31: =IFERROR(VLOOKUP(G31,キャラマスタ[],2,FALSE),"") -> にんじん
A32: C003-12 | B32: =VLOOKUP(A32,キャラマスタ[],2,FALSE) -> ジャンゴ | C32: M-022 | D32: =VLOOKUP(C32,技マスタ!$A$1:$J$605,2,FALSE) -> ワン・ツー・ジャンゴ | E32: 3 | F32: 25 | G32: C003-06 | H32: =IFERROR(VLOOKUP(G32,キャラマスタ[],2,FALSE),"") -> ピーマン
A33: C003-12 | B33: =VLOOKUP(A33,キャラマスタ[],2,FALSE) -> ジャンゴ | C33: M-022 | D33: =VLOOKUP(C33,技マスタ!$A$1:$J$605,2,FALSE) -> ワン・ツー・ジャンゴ | E33: 3 | F33: 25 | G33: C003-07 | H33: =IFERROR(VLOOKUP(G33,キャラマスタ[],2,FALSE),"") -> たまねぎ
A34: C003-12 | B34: =VLOOKUP(A34,キャラマスタ[],2,FALSE) -> ジャンゴ | C34: M-022 | D34: =VLOOKUP(C34,技マスタ!$A$1:$J$605,2,FALSE) -> ワン・ツー・ジャンゴ | E34: 3 | F34: 26 | G34: C001-01 | H34: =IFERROR(VLOOKUP(G34,キャラマスタ[],2,FALSE),"") -> モンキー・D・ルフィ
A35: C003-03 | B35: =VLOOKUP(A35,キャラマスタ[],2,FALSE) -> ウソップ | C35: M-023 | D35: =VLOOKUP(C35,技マスタ!$A$1:$J$605,2,FALSE) -> まきびし地獄 | E35: 4 | F35: 29 | H35: =IFERROR(VLOOKUP(G35,キャラマスタ[],2,FALSE),"")
A36: C001-34 | B36: =VLOOKUP(A36,キャラマスタ[],2,FALSE) -> ナミ | C36: M-023 | D36: =VLOOKUP(C36,技マスタ!$A$1:$J$605,2,FALSE) -> まきびし地獄 | E36: 4 | F36: 29 | H36: =IFERROR(VLOOKUP(G36,キャラマスタ[],2,FALSE),"")
A37: C003-03 | B37: =VLOOKUP(A37,キャラマスタ[],2,FALSE) -> ウソップ | C37: M-024 | D37: =VLOOKUP(C37,技マスタ!$A$1:$J$605,2,FALSE) -> 鉛星 | E37: 4 | F37: 29 | H37: =IFERROR(VLOOKUP(G37,キャラマスタ[],2,FALSE),"")
A38: C003-12 | B38: =VLOOKUP(A38,キャラマスタ[],2,FALSE) -> ジャンゴ | C38: M-022 | D38: =VLOOKUP(C38,技マスタ!$A$1:$J$605,2,FALSE) -> ワン・ツー・ジャンゴ | E38: 4 | F38: 30 | H38: =IFERROR(VLOOKUP(G38,キャラマスタ[],2,FALSE),"")
A39: C001-01 | B39: =VLOOKUP(A39,キャラマスタ[],2,FALSE) -> モンキー・D・ルフィ | C39: M-025 | D39: =VLOOKUP(C39,技マスタ!$A$1:$J$605,2,FALSE) -> ゴムゴムの銃乱打（ガトリング） | E39: 4 | F39: 30 | H39: =IFERROR(VLOOKUP(G39,キャラマスタ[],2,FALSE),"")
A40: C003-12 | B40: =VLOOKUP(A40,キャラマスタ[],2,FALSE) -> ジャンゴ | C40: M-022 | D40: =VLOOKUP(C40,技マスタ!$A$1:$J$605,2,FALSE) -> ワン・ツー・ジャンゴ | E40: 4 | F40: 30 | G40: C001-01 | H40: =IFERROR(VLOOKUP(G40,キャラマスタ[],2,FALSE),"") -> モンキー・D・ルフィ
A41: C004-01 | B41: =VLOOKUP(A41,キャラマスタ[],2,FALSE) -> シャム | C41: M-026 | D41: =VLOOKUP(C41,技マスタ!$A$1:$J$605,2,FALSE) -> ネコババ | E41: 4 | F41: 31 | G41: C001-21 | H41: =IFERROR(VLOOKUP(G41,キャラマスタ[],2,FALSE),"") -> ロロノア・ゾロ
A42: C004-02 | B42: =VLOOKUP(A42,キャラマスタ[],2,FALSE) -> ブチ | C42: M-027 | D42: =VLOOKUP(C42,技マスタ!$A$1:$J$605,2,FALSE) -> 猫殺 キャット・ザ・フンジャッタ | E42: 4 | F42: 32 | G42: C001-21 | H42: =IFERROR(VLOOKUP(G42,キャラマスタ[],2,FALSE),"") -> ロロノア・ゾロ
A43: C004-01 | B43: =VLOOKUP(A43,キャラマスタ[],2,FALSE) -> シャム | C43: M-028 | D43: =VLOOKUP(C43,技マスタ!$A$1:$J$605,2,FALSE) -> ネコ柳大行進 | E43: 4 | F43: 32 | G43: C001-21 | H43: =IFERROR(VLOOKUP(G43,キャラマスタ[],2,FALSE),"") -> ロロノア・ゾロ
A44: C004-02 | B44: =VLOOKUP(A44,キャラマスタ[],2,FALSE) -> ブチ | C44: M-028 | D44: =VLOOKUP(C44,技マスタ!$A$1:$J$605,2,FALSE) -> ネコ柳大行進 | E44: 4 | F44: 32 | G44: C001-21 | H44: =IFERROR(VLOOKUP(G44,キャラマスタ[],2,FALSE),"") -> ロロノア・ゾロ
A45: C003-03 | B45: =VLOOKUP(A45,キャラマスタ[],2,FALSE) -> ウソップ | C45: M-024 | D45: =VLOOKUP(C45,技マスタ!$A$1:$J$605,2,FALSE) -> 鉛星 | E45: 4 | F45: 32 | G45: C004-02 | H45: =IFERROR(VLOOKUP(G45,キャラマスタ[],2,FALSE),"") -> ブチ
A46: C003-08 | B46: =VLOOKUP(A46,キャラマスタ[],2,FALSE) -> クロ | C46: M-029 | D46: =VLOOKUP(C46,技マスタ!$A$1:$J$605,2,FALSE) -> 抜き足 | E46: 4 | F46: 33 | G46: C004-01 | H46: =IFERROR(VLOOKUP(G46,キャラマスタ[],2,FALSE),"") -> シャム
A47: C003-08 | B47: =VLOOKUP(A47,キャラマスタ[],2,FALSE) -> クロ | C47: M-029 | D47: =VLOOKUP(C47,技マスタ!$A$1:$J$605,2,FALSE) -> 抜き足 | E47: 4 | F47: 33 | G47: C004-02 | H47: =IFERROR(VLOOKUP(G47,キャラマスタ[],2,FALSE),"") -> ブチ
A48: C001-21 | B48: =VLOOKUP(A48,キャラマスタ[],2,FALSE) -> ロロノア・ゾロ | C48: M-030 | D48: =VLOOKUP(C48,技マスタ!$A$1:$J$605,2,FALSE) -> 虎狩り | E48: 4 | F48: 33 | G48: C004-01 | H48: =IFERROR(VLOOKUP(G48,キャラマスタ[],2,FALSE),"") -> シャム | I48: 1
A49: C001-21 | B49: =VLOOKUP(A49,キャラマスタ[],2,FALSE) -> ロロノア・ゾロ | C49: M-030 | D49: =VLOOKUP(C49,技マスタ!$A$1:$J$605,2,FALSE) -> 虎狩り | E49: 4 | F49: 33 | G49: C004-02 | H49: =IFERROR(VLOOKUP(G49,キャラマスタ[],2,FALSE),"") -> ブチ
A50: C004-02 | B50: =VLOOKUP(A50,キャラマスタ[],2,FALSE) -> ブチ | C50: M-027 | D50: =VLOOKUP(C50,技マスタ!$A$1:$J$605,2,FALSE) -> 猫殺 キャット・ザ・フンジャッタ | E50: 4 | F50: 35 | G50: C001-21 | H50: =IFERROR(VLOOKUP(G50,キャラマスタ[],2,FALSE),"") -> ロロノア・ゾロ
A51: C003-03 | B51: =VLOOKUP(A51,キャラマスタ[],2,FALSE) -> ウソップ | C51: M-024 | D51: =VLOOKUP(C51,技マスタ!$A$1:$J$605,2,FALSE) -> 鉛星 | E51: 4 | F51: 35 | G51: C003-12 | H51: =IFERROR(VLOOKUP(G51,キャラマスタ[],2,FALSE),"") -> ジャンゴ
A52: C001-01 | B52: =VLOOKUP(A52,キャラマスタ[],2,FALSE) -> モンキー・D・ルフィ | C52: M-031 | D52: =VLOOKUP(C52,技マスタ!$A$1:$J$605,2,FALSE) -> ゴムゴムの槍（ヤリ） | E52: 5 | F52: 36 | G52: C003-08 | H52: =IFERROR(VLOOKUP(G52,キャラマスタ[],2,FALSE),"") -> クロ
A53: C001-01 | B53: =VLOOKUP(A53,キャラマスタ[],2,FALSE) -> モンキー・D・ルフィ | C53: M-003 | D53: =VLOOKUP(C53,技マスタ!$A$1:$J$605,2,FALSE) -> ゴムゴムの鞭（ムチ） | E53: 5 | F53: 37 | G53: C003-08 | H53: =IFERROR(VLOOKUP(G53,キャラマスタ[],2,FALSE),"") -> クロ
A54: C001-01 | B54: =VLOOKUP(A54,キャラマスタ[],2,FALSE) -> モンキー・D・ルフィ | C54: M-001 | D54: =VLOOKUP(C54,技マスタ!$A$1:$J$605,2,FALSE) -> ゴムゴムの銃（ピストル） | E54: 5 | F54: 37 | G54: C003-08 | H54: =IFERROR(VLOOKUP(G54,キャラマスタ[],2,FALSE),"") -> クロ
A55: C003-07 | B55: =VLOOKUP(A55,キャラマスタ[],2,FALSE) -> たまねぎ | C55: M-032 | D55: =VLOOKUP(C55,技マスタ!$A$1:$J$605,2,FALSE) -> コショー目つぶし | E55: 5 | F55: 38 | G55: C003-12 | H55: =IFERROR(VLOOKUP(G55,キャラマスタ[],2,FALSE),"") -> ジャンゴ
A56: C003-08 | B56: =VLOOKUP(A56,キャラマスタ[],2,FALSE) -> クロ | C56: M-033 | D56: =VLOOKUP(C56,技マスタ!$A$1:$J$605,2,FALSE) -> 杓死 | E56: 5 | F56: 38 | G56: C001-01 | H56: =IFERROR(VLOOKUP(G56,キャラマスタ[],2,FALSE),"") -> モンキー・D・ルフィ
A57: C003-03 | B57: =VLOOKUP(A57,キャラマスタ[],2,FALSE) -> ウソップ | C57: M-034 | D57: =VLOOKUP(C57,技マスタ!$A$1:$J$605,2,FALSE) -> 火薬星 | E57: 5 | F57: 39 | G57: C003-12 | H57: =IFERROR(VLOOKUP(G57,キャラマスタ[],2,FALSE),"") -> ジャンゴ | I57: 1
A58: C001-01 | B58: =VLOOKUP(A58,キャラマスタ[],2,FALSE) -> モンキー・D・ルフィ | C58: M-035 | D58: =VLOOKUP(C58,技マスタ!$A$1:$J$605,2,FALSE) -> ゴムゴムの鐘（カネ） | E58: 5 | F58: 39 | G58: C003-08 | H58: =IFERROR(VLOOKUP(G58,キャラマスタ[],2,FALSE),"") -> クロ | I58: 1
A59: C001-01 | B59: =VLOOKUP(A59,キャラマスタ[],2,FALSE) -> モンキー・D・ルフィ | C59: M-007 | D59: =VLOOKUP(C59,技マスタ!$A$1:$J$605,2,FALSE) -> ゴムゴムの風船 | E59: 5 | F59: 43 | H59: =IFERROR(VLOOKUP(G59,キャラマスタ[],2,FALSE),"")
A60: C005-10 | B60: =VLOOKUP(A60,キャラマスタ[],2,FALSE) -> ゼフ | C60: M-036 | D60: =VLOOKUP(C60,技マスタ!$A$1:$J$605,2,FALSE) -> 料理長義足キック | E60: 5 | F60: 44 | G60: C001-01 | H60: =IFERROR(VLOOKUP(G60,キャラマスタ[],2,FALSE),"") -> モンキー・D・ルフィ
A61: C005-10 | B61: =VLOOKUP(A61,キャラマスタ[],2,FALSE) -> ゼフ | C61: M-037 | D61: =VLOOKUP(C61,技マスタ!$A$1:$J$605,2,FALSE) -> 料理長ドロップ | E61: 5 | F61: 44 | G61: C001-01 | H61: =IFERROR(VLOOKUP(G61,キャラマスタ[],2,FALSE),"") -> モンキー・D・ルフィ
A62: C005-12 | B62: =VLOOKUP(A62,キャラマスタ[],2,FALSE) -> パティ | C62: M-038 | D62: =VLOOKUP(C62,技マスタ!$A$1:$J$605,2,FALSE) -> 食あたり砲弾（ミートボール） | E62: 6 | F62: 47 | G62: C006-03 | H62: =IFERROR(VLOOKUP(G62,キャラマスタ[],2,FALSE),"") -> クリーク
A63: C001-21 | B63: =VLOOKUP(A63,キャラマスタ[],2,FALSE) -> ロロノア・ゾロ | C63: M-015 | D63: =VLOOKUP(C63,技マスタ!$A$1:$J$605,2,FALSE) -> 鬼斬り | E63: 6 | F63: 51 | G63: C006-04 | H63: =IFERROR(VLOOKUP(G63,キャラマスタ[],2,FALSE),"") -> ジュラキュール・ミホーク
A64: C001-21 | B64: =VLOOKUP(A64,キャラマスタ[],2,FALSE) -> ロロノア・ゾロ | C64: M-030 | D64: =VLOOKUP(C64,技マスタ!$A$1:$J$605,2,FALSE) -> 虎狩り | E64: 6 | F64: 51 | G64: C006-04 | H64: =IFERROR(VLOOKUP(G64,キャラマスタ[],2,FALSE),"") -> ジュラキュール・ミホーク
A65: C001-21 | B65: =VLOOKUP(A65,キャラマスタ[],2,FALSE) -> ロロノア・ゾロ | C65: M-039 | D65: =VLOOKUP(C65,技マスタ!$A$1:$J$605,2,FALSE) -> 三刀流奥義 三・千・世・界 | E65: 6 | F65: 51 | G65: C006-04 | H65: =IFERROR(VLOOKUP(G65,キャラマスタ[],2,FALSE),"") -> ジュラキュール・ミホーク
A66: C001-01 | B66: =VLOOKUP(A66,キャラマスタ[],2,FALSE) -> モンキー・D・ルフィ | C66: M-002 | D66: =VLOOKUP(C66,技マスタ!$A$1:$J$605,2,FALSE) -> ゴムゴムのロケット | E66: 6 | F66: 53 | H66: =IFERROR(VLOOKUP(G66,キャラマスタ[],2,FALSE),"")
A67: C001-01 | B67: =VLOOKUP(A67,キャラマスタ[],2,FALSE) -> モンキー・D・ルフィ | C67: M-040 | D67: =VLOOKUP(C67,技マスタ!$A$1:$J$605,2,FALSE) -> ゴムゴムの大鎌 | E67: 6 | F67: 53 | H67: =IFERROR(VLOOKUP(G67,キャラマスタ[],2,FALSE),"")
A68: C007-01 | B68: =VLOOKUP(A68,キャラマスタ[],2,FALSE) -> パール | C68: M-041 | D68: =VLOOKUP(C68,技マスタ!$A$1:$J$605,2,FALSE) -> ファイヤーパール大特典 | E68: 7 | F68: 55 | G68: C001-01 | H68: =IFERROR(VLOOKUP(G68,キャラマスタ[],2,FALSE),"") -> モンキー・D・ルフィ
A69: C007-01 | B69: =VLOOKUP(A69,キャラマスタ[],2,FALSE) -> パール | C69: M-042 | D69: =VLOOKUP(C69,技マスタ!$A$1:$J$605,2,FALSE) -> ファイヤーパールプレゼント | E69: 7 | F69: 55 | G69: C005-09 | H69: =IFERROR(VLOOKUP(G69,キャラマスタ[],2,FALSE),"") -> サンジ
A70: C001-01 | B70: =VLOOKUP(A70,キャラマスタ[],2,FALSE) -> モンキー・D・ルフィ | C70: M-021 | D70: =VLOOKUP(C70,技マスタ!$A$1:$J$605,2,FALSE) -> ゴムゴムのバズーカ | E70: 7 | F70: 55 | H70: =IFERROR(VLOOKUP(G70,キャラマスタ[],2,FALSE),"")
A71: C007-01 | B71: =VLOOKUP(A71,キャラマスタ[],2,FALSE) -> パール | C71: M-043 | D71: =VLOOKUP(C71,技マスタ!$A$1:$J$605,2,FALSE) -> 超天然パールプレゼント | E71: 7 | F71: 56 | G71: C005-09 | H71: =IFERROR(VLOOKUP(G71,キャラマスタ[],2,FALSE),"") -> サンジ
A72: C007-01 | B72: =VLOOKUP(A72,キャラマスタ[],2,FALSE) -> パール | C72: M-044 | D72: =VLOOKUP(C72,技マスタ!$A$1:$J$605,2,FALSE) -> パールクローズ | E72: 7 | F72: 56 | G72: C005-09 | H72: =IFERROR(VLOOKUP(G72,キャラマスタ[],2,FALSE),"") -> サンジ
A73: C007-01 | B73: =VLOOKUP(A73,キャラマスタ[],2,FALSE) -> パール | C73: M-045 | D73: =VLOOKUP(C73,技マスタ!$A$1:$J$605,2,FALSE) -> サービスパールイブシギンプレゼント | E73: 7 | F73: 56 | G73: C005-09 | H73: =IFERROR(VLOOKUP(G73,キャラマスタ[],2,FALSE),"") -> サンジ
A74: C007-01 | B74: =VLOOKUP(A74,キャラマスタ[],2,FALSE) -> パール | C74: M-046 | D74: =VLOOKUP(C74,技マスタ!$A$1:$J$605,2,FALSE) -> ダメ押しパールプレゼント | E74: 7 | F74: 59 | G74: C005-09 | H74: =IFERROR(VLOOKUP(G74,キャラマスタ[],2,FALSE),"") -> サンジ
A75: C001-01 | B75: =VLOOKUP(A75,キャラマスタ[],2,FALSE) -> モンキー・D・ルフィ | C75: M-047 | D75: =VLOOKUP(C75,技マスタ!$A$1:$J$605,2,FALSE) -> ゴムゴムの戦斧（オノ） | E75: 7 | F75: 59 | H75: =IFERROR(VLOOKUP(G75,キャラマスタ[],2,FALSE),"")
A76: C006-03 | B76: =VLOOKUP(A76,キャラマスタ[],2,FALSE) -> クリーク | C76: M-048 | D76: =VLOOKUP(C76,技マスタ!$A$1:$J$605,2,FALSE) -> 炸裂手裏剣 | E76: 7 | F76: 60 | G76: C001-01 | H76: =IFERROR(VLOOKUP(G76,キャラマスタ[],2,FALSE),"") -> モンキー・D・ルフィ
A77: C006-03 | B77: =VLOOKUP(A77,キャラマスタ[],2,FALSE) -> クリーク | C77: M-049 | D77: =VLOOKUP(C77,技マスタ!$A$1:$J$605,2,FALSE) -> M・H・５ | E77: 7 | F77: 62 | G77: C001-01 | H77: =IFERROR(VLOOKUP(G77,キャラマスタ[],2,FALSE),"") -> モンキー・D・ルフィ
A78: C006-03 | B78: =VLOOKUP(A78,キャラマスタ[],2,FALSE) -> クリーク | C78: M-050 | D78: =VLOOKUP(C78,技マスタ!$A$1:$J$605,2,FALSE) -> 剣山マント | E78: 8 | F78: 63 | G78: C001-01 | H78: =IFERROR(VLOOKUP(G78,キャラマスタ[],2,FALSE),"") -> モンキー・D・ルフィ
A79: C001-01 | B79: =VLOOKUP(A79,キャラマスタ[],2,FALSE) -> モンキー・D・ルフィ | C79: M-051 | D79: =VLOOKUP(C79,技マスタ!$A$1:$J$605,2,FALSE) -> ゴムゴムの銃弾（ブレット） | E79: 8 | F79: 63 | G79: C006-03 | H79: =IFERROR(VLOOKUP(G79,キャラマスタ[],2,FALSE),"") -> クリーク
A80: C006-03 | B80: =VLOOKUP(A80,キャラマスタ[],2,FALSE) -> クリーク | C80: M-052 | D80: =VLOOKUP(C80,技マスタ!$A$1:$J$605,2,FALSE) -> 大戦槍 | E80: 8 | F80: 64 | G80: C001-01 | H80: =IFERROR(VLOOKUP(G80,キャラマスタ[],2,FALSE),"") -> モンキー・D・ルフィ
A81: C001-01 | B81: =VLOOKUP(A81,キャラマスタ[],2,FALSE) -> モンキー・D・ルフィ | C81: M-025 | D81: =VLOOKUP(C81,技マスタ!$A$1:$J$605,2,FALSE) -> ゴムゴムの銃乱打（ガトリング） | E81: 8 | F81: 65 | G81: C006-03 | H81: =IFERROR(VLOOKUP(G81,キャラマスタ[],2,FALSE),"") -> クリーク
A82: C001-01 | B82: =VLOOKUP(A82,キャラマスタ[],2,FALSE) -> モンキー・D・ルフィ | C82: M-051 | D82: =VLOOKUP(C82,技マスタ!$A$1:$J$605,2,FALSE) -> ゴムゴムの銃弾（ブレット） | E82: 8 | F82: 65 | G82: C006-03 | H82: =IFERROR(VLOOKUP(G82,キャラマスタ[],2,FALSE),"") -> クリーク
A83: C001-01 | B83: =VLOOKUP(A83,キャラマスタ[],2,FALSE) -> モンキー・D・ルフィ | C83: M-021 | D83: =VLOOKUP(C83,技マスタ!$A$1:$J$605,2,FALSE) -> ゴムゴムのバズーカ | E83: 8 | F83: 65 | G83: C006-03 | H83: =IFERROR(VLOOKUP(G83,キャラマスタ[],2,FALSE),"") -> クリーク
A84: C001-01 | B84: =VLOOKUP(A84,キャラマスタ[],2,FALSE) -> モンキー・D・ルフィ | C84: M-021 | D84: =VLOOKUP(C84,技マスタ!$A$1:$J$605,2,FALSE) -> ゴムゴムのバズーカ | E84: 8 | F84: 65 | G84: C006-03 | H84: =IFERROR(VLOOKUP(G84,キャラマスタ[],2,FALSE),"") -> クリーク
A85: C001-01 | B85: =VLOOKUP(A85,キャラマスタ[],2,FALSE) -> モンキー・D・ルフィ | C85: M-053 | D85: =VLOOKUP(C85,技マスタ!$A$1:$J$605,2,FALSE) -> ゴムゴムの大槌（オオヅチ） | E85: 8 | F85: 66 | G85: C006-03 | H85: =IFERROR(VLOOKUP(G85,キャラマスタ[],2,FALSE),"") -> クリーク | I85: 1
A86: C003-03 | B86: =VLOOKUP(A86,キャラマスタ[],2,FALSE) -> ウソップ | C86: M-034 | D86: =VLOOKUP(C86,技マスタ!$A$1:$J$605,2,FALSE) -> 火薬星 | E86: 9 | F86: 72 | G86: C008-05 | H86: =IFERROR(VLOOKUP(G86,キャラマスタ[],2,FALSE),"") -> アーロン
A87: C003-03 | B87: =VLOOKUP(A87,キャラマスタ[],2,FALSE) -> ウソップ | C87: M-054 | D87: =VLOOKUP(C87,技マスタ!$A$1:$J$605,2,FALSE) -> 卵星 | E87: 9 | F87: 72 | H87: =IFERROR(VLOOKUP(G87,キャラマスタ[],2,FALSE),"")
A88: C001-01 | B88: =VLOOKUP(A88,キャラマスタ[],2,FALSE) -> モンキー・D・ルフィ | C88: M-001 | D88: =VLOOKUP(C88,技マスタ!$A$1:$J$605,2,FALSE) -> ゴムゴムの銃（ピストル） | E88: 9 | F88: 73 | G88: C009-03 | H88: =IFERROR(VLOOKUP(G88,キャラマスタ[],2,FALSE),"") -> モーム
A89: C005-09 | B89: =VLOOKUP(A89,キャラマスタ[],2,FALSE) -> サンジ | C89: M-055 | D89: =VLOOKUP(C89,技マスタ!$A$1:$J$605,2,FALSE) -> 首肉（コリエ）シュート | E89: 9 | F89: 73 | G89: C009-03 | H89: =IFERROR(VLOOKUP(G89,キャラマスタ[],2,FALSE),"") -> モーム | I89: 1
A90: C003-03 | B90: =VLOOKUP(A90,キャラマスタ[],2,FALSE) -> ウソップ | C90: M-056 | D90: =VLOOKUP(C90,技マスタ!$A$1:$J$605,2,FALSE) -> 煙星 | E90: 9 | F90: 74 | H90: =IFERROR(VLOOKUP(G90,キャラマスタ[],2,FALSE),"")
A91: C009-04 | B91: =VLOOKUP(A91,キャラマスタ[],2,FALSE) -> チュウ | C91: M-057 | D91: =VLOOKUP(C91,技マスタ!$A$1:$J$605,2,FALSE) -> 水鉄砲 | E91: 9 | F91: 75 | H91: =IFERROR(VLOOKUP(G91,キャラマスタ[],2,FALSE),"")
A92: C009-04 | B92: =VLOOKUP(A92,キャラマスタ[],2,FALSE) -> チュウ | C92: M-057 | D92: =VLOOKUP(C92,技マスタ!$A$1:$J$605,2,FALSE) -> 水鉄砲 | E92: 9 | F92: 75 | G92: C009-08 | H92: =IFERROR(VLOOKUP(G92,キャラマスタ[],2,FALSE),"") -> プリンプリン
A93: C001-01 | B93: =VLOOKUP(A93,キャラマスタ[],2,FALSE) -> モンキー・D・ルフィ | C93: M-058 | D93: =VLOOKUP(C93,技マスタ!$A$1:$J$605,2,FALSE) -> ゴムゴムの風車 | E93: 10 | F93: 82 | G93: C009-03 | H93: =IFERROR(VLOOKUP(G93,キャラマスタ[],2,FALSE),"") -> モーム | I93: 1
A94: C008-06 | B94: =VLOOKUP(A94,キャラマスタ[],2,FALSE) -> はっちゃん | C94: M-059 | D94: =VLOOKUP(C94,技マスタ!$A$1:$J$605,2,FALSE) -> たこはちブラック | E94: 10 | F94: 83 | G94: C001-01 | H94: =IFERROR(VLOOKUP(G94,キャラマスタ[],2,FALSE),"") -> モンキー・D・ルフィ
A95: C008-06 | B95: =VLOOKUP(A95,キャラマスタ[],2,FALSE) -> はっちゃん | C95: M-060 | D95: =VLOOKUP(C95,技マスタ!$A$1:$J$605,2,FALSE) -> たこはちブラック オン・ザ ロック | E95: 10 | F95: 83 | G95: C001-01 | H95: =IFERROR(VLOOKUP(G95,キャラマスタ[],2,FALSE),"") -> モンキー・D・ルフィ
A96: C003-03 | B96: =VLOOKUP(A96,キャラマスタ[],2,FALSE) -> ウソップ | C96: M-061 | D96: =VLOOKUP(C96,技マスタ!$A$1:$J$605,2,FALSE) -> 火炎星 | E96: 10 | F96: 83 | G96: C009-04 | H96: =IFERROR(VLOOKUP(G96,キャラマスタ[],2,FALSE),"") -> チュウ
A97: C001-01 | B97: =VLOOKUP(A97,キャラマスタ[],2,FALSE) -> モンキー・D・ルフィ | C97: M-001 | D97: =VLOOKUP(C97,技マスタ!$A$1:$J$605,2,FALSE) -> ゴムゴムの銃（ピストル） | E97: 10 | F97: 83 | G97: C008-05 | H97: =IFERROR(VLOOKUP(G97,キャラマスタ[],2,FALSE),"") -> アーロン
A98: C008-06 | B98: =VLOOKUP(A98,キャラマスタ[],2,FALSE) -> はっちゃん | C98: M-059 | D98: =VLOOKUP(C98,技マスタ!$A$1:$J$605,2,FALSE) -> たこはちブラック | E98: 10 | F98: 84 | G98: C001-21 | H98: =IFERROR(VLOOKUP(G98,キャラマスタ[],2,FALSE),"") -> ロロノア・ゾロ
A99: C008-06 | B99: =VLOOKUP(A99,キャラマスタ[],2,FALSE) -> はっちゃん | C99: M-062 | D99: =VLOOKUP(C99,技マスタ!$A$1:$J$605,2,FALSE) -> 蛸・三・連・真・剣・白・刃・取り | E99: 10 | F99: 84 | G99: C001-21 | H99: =IFERROR(VLOOKUP(G99,キャラマスタ[],2,FALSE),"") -> ロロノア・ゾロ
A100: C008-06 | B100: =VLOOKUP(A100,キャラマスタ[],2,FALSE) -> はっちゃん | C100: M-063 | D100: =VLOOKUP(C100,技マスタ!$A$1:$J$605,2,FALSE) -> タコハチ 吸盤 （ナンバーナイン） | E100: 10 | F100: 84 | G100: C001-21 | H100: =IFERROR(VLOOKUP(G100,キャラマスタ[],2,FALSE),"") -> ロロノア・ゾロ
...

Sheet 所属ログ
A1: 登場キャラID | B1: 名前 | C1: 勢力ID | D1: 所属グループ | E1: 役職 | F1: 階級 | G1: 加入巻数 | H1: 加入話数 | I1: 脱退巻数 | J1: 脱退話数 | K1: 海円暦 | L1: 加入年 | M1: 通算日 | N1: 脱退年数 | O1: 脱退年（通算日） | P1: 加入フラグ | Q1: 加入年最古 | R1: 加入年最新 | S1: 考察 | T1: 備考
A2: C001-01 | B2: =VLOOKUP(A2,キャラマスタ[],2,FALSE) -> モンキー・D・ルフィ | C2: G-001 | D2: =VLOOKUP(テーブル7[[#This Row],[勢力ID]],勢力マスタ[],2,FALSE) -> 麦わらの一味 | E2: 船長 | F2: 海賊 | G2: 1 | H2: 1 | K2: =IF(テーブル7[[#This Row],[加入年]]="","",1539+テーブル7[[#This Row],[加入年]]) -> 1539 | L2: 0 | M2: 1.4 | N2: 0 | O2: 5 | P2: 創設
A3: C001-01 | B3: =VLOOKUP(A3,キャラマスタ[],2,FALSE) -> モンキー・D・ルフィ | C3: G-008 | D3: =VLOOKUP(テーブル7[[#This Row],[勢力ID]],勢力マスタ[],2,FALSE) -> 無所属 | G3: 1 | H3: 1 | I3: 1 | J3: 1 | K3: =IF(テーブル7[[#This Row],[加入年]]="","",1539+テーブル7[[#This Row],[加入年]]) -> 1529 | L3: -10 | M3: -3650 | N3: 0 | O3: 1.4 | P3: 脱退
A4: C001-02 | B4: =VLOOKUP(A4,キャラマスタ[],2,FALSE) -> ゴール・D・ロジャー | C4: G-002 | D4: =VLOOKUP(テーブル7[[#This Row],[勢力ID]],勢力マスタ[],2,FALSE) -> ロジャー海賊団 | E4: 船長 | F4: 海賊 | G4: 1 | I4: 1 | K4: =IF(テーブル7[[#This Row],[加入年]]="","",1539+テーブル7[[#This Row],[加入年]]) | M4: -8030 | N4: -22 | O4: -8030 | P4: 解散 | R4: -22 | S4: ロジャー処刑 | T4: 通算日は仮
A5: C001-05 | B5: =VLOOKUP(A5,キャラマスタ[],2,FALSE) -> シャンクス | C5: G-003 | D5: =VLOOKUP(テーブル7[[#This Row],[勢力ID]],勢力マスタ[],2,FALSE) -> 赤髪海賊団 | E5: 海賊頭 | F5: 海賊 | G5: 1 | H5: 1 | K5: =IF(テーブル7[[#This Row],[加入年]]="","",1539+テーブル7[[#This Row],[加入年]]) -> 1517 | L5: -22 | M5: -8030 | P5: 創設 | Q5: -22 | R5: -11 | S5: ロジャー処刑からフーシャ村までの間
A6: C001-06 | B6: =VLOOKUP(A6,キャラマスタ[],2,FALSE) -> ラッキー・ルウ | C6: G-003 | D6: =VLOOKUP(テーブル7[[#This Row],[勢力ID]],勢力マスタ[],2,FALSE) -> 赤髪海賊団 | E6: コック | F6: 海賊 | G6: 1 | H6: 1 | K6: =IF(テーブル7[[#This Row],[加入年]]="","",1539+テーブル7[[#This Row],[加入年]]) -> 1528 | L6: -11 | M6: -4015 | P6: 加入 | Q6: -22 | R6: -11
A7: C001-07 | B7: =VLOOKUP(A7,キャラマスタ[],2,FALSE) -> ヤソップ | C7: G-003 | D7: =VLOOKUP(テーブル7[[#This Row],[勢力ID]],勢力マスタ[],2,FALSE) -> 赤髪海賊団 | E7: 狙撃手 | F7: 海賊 | G7: 1 | H7: 1 | K7: =IF(テーブル7[[#This Row],[加入年]]="","",1539+テーブル7[[#This Row],[加入年]]) -> 1527 | L7: -12 | M7: -4200 | P7: 加入 | Q7: -22 | R7: -11
A8: C001-08 | B8: =VLOOKUP(A8,キャラマスタ[],2,FALSE) -> ベン・ベックマン | C8: G-003 | D8: =VLOOKUP(テーブル7[[#This Row],[勢力ID]],勢力マスタ[],2,FALSE) -> 赤髪海賊団 | E8: 副船長 | F8: 海賊 | G8: 1 | H8: 1 | K8: =IF(テーブル7[[#This Row],[加入年]]="","",1539+テーブル7[[#This Row],[加入年]]) -> 1528 | L8: -11 | M8: -4015 | P8: 加入 | Q8: -22 | R8: -11
A9: C001-11 | B9: =VLOOKUP(A9,キャラマスタ[],2,FALSE) -> ヒグマ | C9: G-004 | D9: =VLOOKUP(テーブル7[[#This Row],[勢力ID]],勢力マスタ[],2,FALSE) -> ヒグマ山賊団 | E9: 棟梁 | F9: 山賊 | G9: 1 | I9: 1 | J9: 1 | K9: =IF(テーブル7[[#This Row],[加入年]]="","",1539+テーブル7[[#This Row],[加入年]]) | M9: -3645 | N9: -10 | O9: -3645 | P9: 死亡 | T9: 通算日は仮
A10: C001-16 | B10: =VLOOKUP(A10,キャラマスタ[],2,FALSE) -> コビー | C10: G-005 | D10: =VLOOKUP(テーブル7[[#This Row],[勢力ID]],勢力マスタ[],2,FALSE) -> アルビダ海賊団 | E10: 雑用 | F10: 海賊 | G10: 1 | H10: 2 | I10: 1 | J10: 2 | K10: =IF(テーブル7[[#This Row],[加入年]]="","",1539+テーブル7[[#This Row],[加入年]]) -> 1537 | L10: -2 | M10: =-2*365 -> -730 | N10: 0 | O10: 1.2 | P10: 脱退
A11: C001-16 | B11: =VLOOKUP(A11,キャラマスタ[],2,FALSE) -> コビー | C11: G-008 | D11: =VLOOKUP(テーブル7[[#This Row],[勢力ID]],勢力マスタ[],2,FALSE) -> 無所属 | G11: 1 | H11: 2 | I11: 1 | J11: 7 | K11: 1539 | L11: 0 | M11: 1.2 | N11: 0 | O11: 1.5 | P11: 加入・脱退
A12: C001-16 | B12: =VLOOKUP(A12,キャラマスタ[],2,FALSE) -> コビー | C12: G-006 | D12: =VLOOKUP(テーブル7[[#This Row],[勢力ID]],勢力マスタ[],2,FALSE) -> 海軍 | E12: 見習い | F12: 海兵 | G12: 1 | H12: 7 | K12: =IF(テーブル7[[#This Row],[加入年]]="","",1539+テーブル7[[#This Row],[加入年]]) -> 1539 | L12: 0 | M12: 1.5 | P12: 加入
A13: C001-17 | B13: =VLOOKUP(A13,キャラマスタ[],2,FALSE) -> アルビダ | C13: G-005 | D13: =VLOOKUP(テーブル7[[#This Row],[勢力ID]],勢力マスタ[],2,FALSE) -> アルビダ海賊団 | E13: 船長 | F13: 海賊 | G13: 1 | K13: =IF(テーブル7[[#This Row],[加入年]]="","",1539+テーブル7[[#This Row],[加入年]]) -> 1537 | L13: -2 | M13: =-2*365 -> -730 | P13: 創設 | R13: -2 | S13: コビー加入のため
A14: C001-21 | B14: =VLOOKUP(A14,キャラマスタ[],2,FALSE) -> ロロノア・ゾロ | C14: G-008 | D14: =VLOOKUP(テーブル7[[#This Row],[勢力ID]],勢力マスタ[],2,FALSE) -> 無所属 | G14: 1 | H14: 5 | I14: 1 | J14: 6 | K14: =IF(テーブル7[[#This Row],[加入年]]="","",1539+テーブル7[[#This Row],[加入年]]) -> 1528 | L14: -11 | M14: -4000 | P14: 脱退
A15: C001-21 | B15: =VLOOKUP(A15,キャラマスタ[],2,FALSE) -> ロロノア・ゾロ | C15: G-007 | D15: =VLOOKUP(テーブル7[[#This Row],[勢力ID]],勢力マスタ[],2,FALSE) -> 賞金稼ぎ | F15: 賞金稼ぎ | I15: 1 | J15: 6 | K15: =IF(テーブル7[[#This Row],[加入年]]="","",1539+テーブル7[[#This Row],[加入年]]) | M15: -3500 | O15: 1.4 | P15: 創設
A16: C001-21 | B16: =VLOOKUP(A16,キャラマスタ[],2,FALSE) -> ロロノア・ゾロ | C16: G-001 | D16: =VLOOKUP(テーブル7[[#This Row],[勢力ID]],勢力マスタ[],2,FALSE) -> 麦わらの一味 | E16: 戦闘員 | F16: 海賊 | G16: 1 | H16: 6 | K16: =IF(テーブル7[[#This Row],[加入年]]="","",1539+テーブル7[[#This Row],[加入年]]) -> 1539 | L16: 0 | M16: 1.4 | P16: 加入
A17: C001-23 | B17: =VLOOKUP(A17,キャラマスタ[],2,FALSE) -> ヘルメッポ | C17: G-006 | D17: =VLOOKUP(テーブル7[[#This Row],[勢力ID]],勢力マスタ[],2,FALSE) -> 海軍 | E17: 見習い | F17: 海兵 | G17: 1 | K17: =IF(テーブル7[[#This Row],[加入年]]="","",1539+テーブル7[[#This Row],[加入年]]) -> 1539 | L17: 0 | M17: 1.5 | P17: 加入
A18: C001-26 | B18: =VLOOKUP(A18,キャラマスタ[],2,FALSE) -> モーガン | C18: G-006 | D18: =VLOOKUP(テーブル7[[#This Row],[勢力ID]],勢力マスタ[],2,FALSE) -> 海軍 | E18: 第153支部基地長 | F18: 大佐 | G18: 1 | K18: =IF(テーブル7[[#This Row],[加入年]]="","",1539+テーブル7[[#This Row],[加入年]]) -> 1536 | L18: -3 | M18: -1095 | O18: 1.9 | P18: 加入 | R18: -3 | S18: クロを逮捕の功績時に少佐になったためそれ以降に大佐になっている
A19: C001-34 | B19: =VLOOKUP(A19,キャラマスタ[],2,FALSE) -> ナミ | C19: G-008 | D19: =VLOOKUP(テーブル7[[#This Row],[勢力ID]],勢力マスタ[],2,FALSE) -> 無所属 | E19: 海賊専門泥棒 | G19: 2 | H19: 9 | K19: =IF(テーブル7[[#This Row],[加入年]]="","",1539+テーブル7[[#This Row],[加入年]]) -> 1539 | L19: 0 | M19: 1.2
A20: C001-34 | B20: =VLOOKUP(A20,キャラマスタ[],2,FALSE) -> ナミ | C20: G-001 | D20: =VLOOKUP(テーブル7[[#This Row],[勢力ID]],勢力マスタ[],2,FALSE) -> 麦わらの一味 | E20: 航海士 | G20: 2 | H20: 14 | K20: =IF(テーブル7[[#This Row],[加入年]]="","",1539+テーブル7[[#This Row],[加入年]]) -> 1539 | L20: 0 | M20: 1.8 | N20: 0 | O20: 8.1 | P20: 加入
A21: C002-01 | B21: =VLOOKUP(A21,キャラマスタ[],2,FALSE) -> バギー | C21: G-009 | D21: =VLOOKUP(テーブル7[[#This Row],[勢力ID]],勢力マスタ[],2,FALSE) -> バギー海賊団 | E21: 船長 | G21: 2 | H21: 9 | K21: =IF(テーブル7[[#This Row],[加入年]]="","",1539+テーブル7[[#This Row],[加入年]]) -> 1517 | L21: -22 | M21: -8030 | P21: 創設 | Q21: -22 | T21: 通算日は仮
A22: C002-04 | B22: =VLOOKUP(A22,キャラマスタ[],2,FALSE) -> モージ | C22: G-009 | D22: =VLOOKUP(テーブル7[[#This Row],[勢力ID]],勢力マスタ[],2,FALSE) -> バギー海賊団 | E22: 副船長 | G22: 2 | H22: 12 | K22: =IF(テーブル7[[#This Row],[加入年]]="","",1539+テーブル7[[#This Row],[加入年]]) -> 1528 | L22: -11 | M22: -4000 | P22: 加入 | Q22: -12 | R22: -5
A23: C002-06 | B23: =VLOOKUP(A23,キャラマスタ[],2,FALSE) -> シュシュ | C23: G-008 | D23: =VLOOKUP(テーブル7[[#This Row],[勢力ID]],勢力マスタ[],2,FALSE) -> 無所属 | G23: 2 | H23: 12 | K23: =IF(テーブル7[[#This Row],[加入年]]="","",1539+テーブル7[[#This Row],[加入年]]) -> 1529 | L23: -10 | M23: -3640 | P23: 加入
A24: C002-10 | B24: =VLOOKUP(A24,キャラマスタ[],2,FALSE) -> カバジ | C24: G-009 | D24: =VLOOKUP(テーブル7[[#This Row],[勢力ID]],勢力マスタ[],2,FALSE) -> バギー海賊団 | E24: 参謀長 | G24: 2 | H24: 15 | K24: =IF(テーブル7[[#This Row],[加入年]]="","",1539+テーブル7[[#This Row],[加入年]]) -> 1528 | L24: -11 | M24: -4000 | P24: 加入 | Q24: -13 | R24: -4
A25: C002-07 | B25: =VLOOKUP(A25,キャラマスタ[],2,FALSE) -> ブードル | C25: G-008 | D25: =VLOOKUP(テーブル7[[#This Row],[勢力ID]],勢力マスタ[],2,FALSE) -> 無所属 | G25: 2 | H25: 12 | K25: =IF(テーブル7[[#This Row],[加入年]]="","",1539+テーブル7[[#This Row],[加入年]]) -> 1499 | L25: -40 | M25: -14600 | P25: 加入
A26: C001-05 | B26: =VLOOKUP(A26,キャラマスタ[],2,FALSE) -> シャンクス | C26: G-002 | D26: =VLOOKUP(テーブル7[[#This Row],[勢力ID]],勢力マスタ[],2,FALSE) -> ロジャー海賊団 | E26: 見習い | G26: 3 | H26: 19 | K26: =IF(テーブル7[[#This Row],[加入年]]="","",1539+テーブル7[[#This Row],[加入年]]) -> 1514 | L26: -25 | M26: -9125 | N26: -22 | O26: -8030 | P26: 加入 | Q26: -37 | R26: -25
A27: C002-01 | B27: =VLOOKUP(A27,キャラマスタ[],2,FALSE) -> バギー | C27: G-002 | D27: =VLOOKUP(テーブル7[[#This Row],[勢力ID]],勢力マスタ[],2,FALSE) -> ロジャー海賊団 | E27: 見習い | G27: 3 | H27: 19 | K27: =IF(テーブル7[[#This Row],[加入年]]="","",1539+テーブル7[[#This Row],[加入年]]) -> 1514 | L27: -25 | M27: -9125 | N27: -22 | O27: -8030 | P27: 加入 | Q27: -37 | R27: -25
A28: C003-08 | B28: =VLOOKUP(A28,キャラマスタ[],2,FALSE) -> クロ | C28: G-011 | D28: =VLOOKUP(テーブル7[[#This Row],[勢力ID]],勢力マスタ[],2,FALSE) -> クロネコ海賊団 | E28: 船長 | I28: 3 | J28: 26 | K28: =IF(テーブル7[[#This Row],[加入年]]="","",1539+テーブル7[[#This Row],[加入年]]) -> 1531 | L28: -8 | M28: -2920 | N28: -3 | O28: -1095 | P28: 脱退
A29: C003-08 | B29: =VLOOKUP(A29,キャラマスタ[],2,FALSE) -> クロ | C29: G-008 | D29: =VLOOKUP(テーブル7[[#This Row],[勢力ID]],勢力マスタ[],2,FALSE) -> 無所属 | G29: 3 | H29: 25 | K29: =IF(テーブル7[[#This Row],[加入年]]="","",1539+テーブル7[[#This Row],[加入年]]) -> 1536 | L29: -3 | M29: -1095 | P29: 加入
A30: C003-03 | B30: =VLOOKUP(A30,キャラマスタ[],2,FALSE) -> ウソップ | C30: G-010 | D30: =VLOOKUP(テーブル7[[#This Row],[勢力ID]],勢力マスタ[],2,FALSE) -> ウソップ海賊団 | E30: 船長 | G30: 5 | H30: 40 | I30: 5 | J30: 40 | K30: =IF(テーブル7[[#This Row],[加入年]]="","",1539+テーブル7[[#This Row],[加入年]]) -> 1534 | L30: -5 | M30: -1825 | N30: 0 | O30: 3.2 | P30: 加入・脱退
A31: C003-03 | B31: =VLOOKUP(A31,キャラマスタ[],2,FALSE) -> ウソップ | C31: G-008 | D31: =VLOOKUP(テーブル7[[#This Row],[勢力ID]],勢力マスタ[],2,FALSE) -> 無所属 | K31: =IF(テーブル7[[#This Row],[加入年]]="","",1539+テーブル7[[#This Row],[加入年]]) -> 1527 | L31: -12 | M31: -4200
A32: C003-02 | B32: =VLOOKUP(A32,キャラマスタ[],2,FALSE) -> ガイモン | C32: G-008 | D32: =VLOOKUP(テーブル7[[#This Row],[勢力ID]],勢力マスタ[],2,FALSE) -> 無所属 | K32: =IF(テーブル7[[#This Row],[加入年]]="","",1539+テーブル7[[#This Row],[加入年]]) -> 1519 | L32: -20 | M32: -7300
A33: C004-01 | B33: =VLOOKUP(A33,キャラマスタ[],2,FALSE) -> シャム | C33: G-011 | D33: =VLOOKUP(テーブル7[[#This Row],[勢力ID]],勢力マスタ[],2,FALSE) -> クロネコ海賊団 | E33: 船の番人 | G33: 4 | H33: 31 | K33: =IF(テーブル7[[#This Row],[加入年]]="","",1539+テーブル7[[#This Row],[加入年]]) -> 1536 | L33: -3 | M33: -1095 | P33: 加入 | Q33: -5 | R33: -3
A34: C004-02 | B34: =VLOOKUP(A34,キャラマスタ[],2,FALSE) -> ブチ | C34: G-011 | D34: =VLOOKUP(テーブル7[[#This Row],[勢力ID]],勢力マスタ[],2,FALSE) -> クロネコ海賊団 | E34: 船の番人 | G34: 4 | H34: 31 | K34: =IF(テーブル7[[#This Row],[加入年]]="","",1539+テーブル7[[#This Row],[加入年]]) -> 1536 | L34: -3 | M34: -1095 | P34: 加入 | Q34: -5 | R34: -3
A35: C003-12 | B35: =VLOOKUP(A35,キャラマスタ[],2,FALSE) -> ジャンゴ | C35: G-011 | D35: =VLOOKUP(テーブル7[[#This Row],[勢力ID]],勢力マスタ[],2,FALSE) -> クロネコ海賊団 | E35: 船長 | G35: 4 | H35: 28 | K35: =IF(テーブル7[[#This Row],[加入年]]="","",1539+テーブル7[[#This Row],[加入年]]) -> 1536 | L35: -3 | M35: -1095 | P35: 加入 | Q35: -7 | R35: -3
A36: C003-03 | B36: =VLOOKUP(A36,キャラマスタ[],2,FALSE) -> ウソップ | C36: G-001 | D36: =VLOOKUP(テーブル7[[#This Row],[勢力ID]],勢力マスタ[],2,FALSE) -> 麦わらの一味 | E36: 狙撃手 | G36: 5 | H36: 41 | K36: =IF(テーブル7[[#This Row],[加入年]]="","",1539+テーブル7[[#This Row],[加入年]]) -> 1539 | L36: 0 | M36: 3.3 | P36: 加入
A37: C005-04 | B37: =VLOOKUP(A37,キャラマスタ[],2,FALSE) -> ヨサク | C37: G-007 | D37: =VLOOKUP(テーブル7[[#This Row],[勢力ID]],勢力マスタ[],2,FALSE) -> 賞金稼ぎ | G37: 5 | H37: 42 | K37: =IF(テーブル7[[#This Row],[加入年]]="","",1539+テーブル7[[#This Row],[加入年]]) -> 1539 | L37: 0 | M37: 3.5 | P37: 加入
A38: C005-05 | B38: =VLOOKUP(A38,キャラマスタ[],2,FALSE) -> ジョニー | C38: G-007 | D38: =VLOOKUP(テーブル7[[#This Row],[勢力ID]],勢力マスタ[],2,FALSE) -> 賞金稼ぎ | G38: 5 | H38: 42 | K38: =IF(テーブル7[[#This Row],[加入年]]="","",1539+テーブル7[[#This Row],[加入年]]) -> 1539 | L38: 0 | M38: 3.5 | P38: 加入
A39: C005-06 | B39: =VLOOKUP(A39,キャラマスタ[],2,FALSE) -> フルボディ | C39: G-006 | D39: =VLOOKUP(テーブル7[[#This Row],[勢力ID]],勢力マスタ[],2,FALSE) -> 海軍 | E39: 海軍本部 | F39: 大尉 | G39: 5 | H39: 43 | K39: =IF(テーブル7[[#This Row],[加入年]]="","",1539+テーブル7[[#This Row],[加入年]]) -> 1539 | L39: 0 | M39: 5 | P39: 加入
A40: C005-09 | B40: =VLOOKUP(A40,キャラマスタ[],2,FALSE) -> サンジ | C40: G-012 | D40: =VLOOKUP(テーブル7[[#This Row],[勢力ID]],勢力マスタ[],2,FALSE) -> 海上レストランバラティエ | E40: 副料理長 | G40: 5 | H40: 43 | K40: =IF(テーブル7[[#This Row],[加入年]]="","",1539+テーブル7[[#This Row],[加入年]]) -> 1530 | L40: -9 | M40: -3200 | N40: 0 | O40: 7.5 | P40: 加入
A41: C005-10 | B41: =VLOOKUP(A41,キャラマスタ[],2,FALSE) -> ゼフ | C41: G-012 | D41: =VLOOKUP(テーブル7[[#This Row],[勢力ID]],勢力マスタ[],2,FALSE) -> 海上レストランバラティエ | E41: オーナー兼料理長 | G41: 5 | H41: 43 | K41: =IF(テーブル7[[#This Row],[加入年]]="","",1539+テーブル7[[#This Row],[加入年]]) -> 1530 | L41: -9 | M41: -3200 | P41: 加入
A42: C005-15 | B42: =VLOOKUP(A42,キャラマスタ[],2,FALSE) -> ギン | C42: G-013 | D42: =VLOOKUP(テーブル7[[#This Row],[勢力ID]],勢力マスタ[],2,FALSE) -> クリーク海賊団 | E42: 戦闘総隊長 | G42: 6 | H42: 45 | K42: =IF(テーブル7[[#This Row],[加入年]]="","",1539+テーブル7[[#This Row],[加入年]]) -> 1539 | L42: 0 | M42: -5 | P42: 加入
A43: C001-01 | B43: =VLOOKUP(A43,キャラマスタ[],2,FALSE) -> モンキー・D・ルフィ | C43: G-012 | D43: =VLOOKUP(テーブル7[[#This Row],[勢力ID]],勢力マスタ[],2,FALSE) -> 海上レストランバラティエ | E43: 雑用ただ働き | G43: 6 | H43: 45 | K43: =IF(テーブル7[[#This Row],[加入年]]="","",1539+テーブル7[[#This Row],[加入年]]) -> 1539 | L43: 0 | M43: 5 | N43: 0 | O43: 8 | P43: 加入
A44: C006-03 | B44: =VLOOKUP(A44,キャラマスタ[],2,FALSE) -> クリーク | C44: G-013 | D44: =VLOOKUP(テーブル7[[#This Row],[勢力ID]],勢力マスタ[],2,FALSE) -> クリーク海賊団 | E44: 提督 | G44: 6 | H44: 46 | K44: =IF(テーブル7[[#This Row],[加入年]]="","",1539+テーブル7[[#This Row],[加入年]]) -> 1539 | L44: 0 | M44: -5 | P44: 加入
A45: C005-10 | B45: =VLOOKUP(A45,キャラマスタ[],2,FALSE) -> ゼフ | C45: G-015 | D45: =VLOOKUP(テーブル7[[#This Row],[勢力ID]],勢力マスタ[],2,FALSE) -> クック海賊団 | E45: 船長兼コック | G45: 6 | H45: 48 | K45: =IF(テーブル7[[#This Row],[加入年]]="","",1539+テーブル7[[#This Row],[加入年]]) -> 1529 | L45: -10 | M45: -3650 | P45: 加入
A46: C006-04 | B46: =VLOOKUP(A46,キャラマスタ[],2,FALSE) -> ジュラキュール・ミホーク | C46: G-014 | D46: =VLOOKUP(テーブル7[[#This Row],[勢力ID]],勢力マスタ[],2,FALSE) -> 王下七武海 | G46: 6 | H46: 51 | K46: =IF(テーブル7[[#This Row],[加入年]]="","",1539+テーブル7[[#This Row],[加入年]]) -> 1539 | L46: 0 | M46: 7 | P46: 加入
A47: C007-01 | B47: =VLOOKUP(A47,キャラマスタ[],2,FALSE) -> パール | C47: G-013 | D47: =VLOOKUP(テーブル7[[#This Row],[勢力ID]],勢力マスタ[],2,FALSE) -> クリーク海賊団 | E47: 第2部隊 隊長 | G47: 7 | H47: 54 | K47: =IF(テーブル7[[#This Row],[加入年]]="","",1539+テーブル7[[#This Row],[加入年]]) -> 1539 | L47: 0 | M47: 7.2 | P47: 加入
A48: C005-09 | B48: =VLOOKUP(A48,キャラマスタ[],2,FALSE) -> サンジ | C48: G-016 | D48: =VLOOKUP(テーブル7[[#This Row],[勢力ID]],勢力マスタ[],2,FALSE) -> 客船 | E48: コック見習い | G48: 7 | H48: 56 | K48: =IF(テーブル7[[#This Row],[加入年]]="","",1539+テーブル7[[#This Row],[加入年]]) -> 1530 | L48: -9 | M48: -3285 | N48: -9 | O48: -3200 | P48: 加入
A49: C001-01 | B49: =VLOOKUP(A49,キャラマスタ[],2,FALSE) -> モンキー・D・ルフィ | C49: G-001 | D49: =VLOOKUP(テーブル7[[#This Row],[勢力ID]],勢力マスタ[],2,FALSE) -> 麦わらの一味 | E49: 船長 | G49: 8 | H49: 67 | K49: =IF(テーブル7[[#This Row],[加入年]]="","",1539+テーブル7[[#This Row],[加入年]]) -> 1539 | L49: 0 | M49: 8 | P49: 加入
A50: C005-09 | B50: =VLOOKUP(A50,キャラマスタ[],2,FALSE) -> サンジ | C50: G-001 | D50: =VLOOKUP(テーブル7[[#This Row],[勢力ID]],勢力マスタ[],2,FALSE) -> 麦わらの一味 | E50: コック | G50: 8 | H50: 68 | K50: =IF(テーブル7[[#This Row],[加入年]]="","",1539+テーブル7[[#This Row],[加入年]]) -> 1539 | L50: 0 | M50: 8.1 | P50: 加入
A51: C008-04 | B51: =VLOOKUP(A51,キャラマスタ[],2,FALSE) -> ネズミ | C51: G-006 | D51: =VLOOKUP(テーブル7[[#This Row],[勢力ID]],勢力マスタ[],2,FALSE) -> 海軍 | E51: 第16支部 | F51: 大佐 | G51: 8 | H51: 69 | K51: =IF(テーブル7[[#This Row],[加入年]]="","",1539+テーブル7[[#This Row],[加入年]]) -> 1539 | L51: 0 | M51: 8.1 | P51: 加入
A52: C008-05 | B52: =VLOOKUP(A52,キャラマスタ[],2,FALSE) -> アーロン | C52: G-017 | D52: =VLOOKUP(テーブル7[[#This Row],[勢力ID]],勢力マスタ[],2,FALSE) -> アーロン一味 | E52: 船長 | G52: 8 | H52: 69 | K52: =IF(テーブル7[[#This Row],[加入年]]="","",1539+テーブル7[[#This Row],[加入年]]) -> 1531 | L52: -8 | M52: -2920 | P52: 加入
A53: C008-06 | B53: =VLOOKUP(A53,キャラマスタ[],2,FALSE) -> はっちゃん | C53: G-017 | D53: =VLOOKUP(テーブル7[[#This Row],[勢力ID]],勢力マスタ[],2,FALSE) -> アーロン一味 | E53: 幹部 | G53: 8 | H53: 69 | K53: =IF(テーブル7[[#This Row],[加入年]]="","",1539+テーブル7[[#This Row],[加入年]]) -> 1531 | L53: -8 | M53: -2920 | P53: 加入
A54: C001-34 | B54: =VLOOKUP(A54,キャラマスタ[],2,FALSE) -> ナミ | C54: G-017 | D54: =VLOOKUP(テーブル7[[#This Row],[勢力ID]],勢力マスタ[],2,FALSE) -> アーロン一味 | E54: 幹部 | G54: 8 | H54: 69 | K54: =IF(テーブル7[[#This Row],[加入年]]="","",1539+テーブル7[[#This Row],[加入年]]) -> 1531 | L54: -8 | M54: -2919 | P54: 加入
A55: C009-03 | B55: =VLOOKUP(A55,キャラマスタ[],2,FALSE) -> モーム | C55: G-017 | D55: =VLOOKUP(テーブル7[[#This Row],[勢力ID]],勢力マスタ[],2,FALSE) -> アーロン一味 | E55: 戦闘員 | G55: 9 | H55: 73 | K55: =IF(テーブル7[[#This Row],[加入年]]="","",1539+テーブル7[[#This Row],[加入年]]) -> 1531 | L55: -8 | M55: -2920 | P55: 加入
A56: C001-34 | B56: =VLOOKUP(A56,キャラマスタ[],2,FALSE) -> ナミ | C56: G-008 | D56: =VLOOKUP(テーブル7[[#This Row],[勢力ID]],勢力マスタ[],2,FALSE) -> 無所属 | G56: 9 | H56: 77 | K56: =IF(テーブル7[[#This Row],[加入年]]="","",1539+テーブル7[[#This Row],[加入年]]) -> 1531 | L56: -8 | M56: -2920 | P56: 加入
A57: C001-34 | B57: =VLOOKUP(A57,キャラマスタ[],2,FALSE) -> ナミ | C57: G-017 | D57: =VLOOKUP(テーブル7[[#This Row],[勢力ID]],勢力マスタ[],2,FALSE) -> アーロン一味 | E57: 幹部 | G57: 8 | H57: 69 | I57: 11 | J57: 94 | K57: =IF(テーブル7[[#This Row],[加入年]]="","",1539+テーブル7[[#This Row],[加入年]]) -> 1539 | L57: 0 | M57: 8.1 | N57: 0 | O57: 8.7 | P57: 脱退
A58: C001-34 | B58: =VLOOKUP(A58,キャラマスタ[],2,FALSE) -> ナミ | C58: G-001 | D58: =VLOOKUP(テーブル7[[#This Row],[勢力ID]],勢力マスタ[],2,FALSE) -> 麦わらの一味 | E58: 航海士 | G58: 11 | H58: 94 | K58: =IF(テーブル7[[#This Row],[加入年]]="","",1539+テーブル7[[#This Row],[加入年]]) -> 1539 | L58: 0 | M58: 8.7 | P58: 加入
A59: C011-04 | B59: =VLOOKUP(A59,キャラマスタ[],2,FALSE) -> ブランニュー | C59: G-006 | D59: =VLOOKUP(テーブル7[[#This Row],[勢力ID]],勢力マスタ[],2,FALSE) -> 海軍 | E59: 海軍本部 | F59: 少佐 | G59: 11 | H59: 96 | K59: =IF(テーブル7[[#This Row],[加入年]]="","",1539+テーブル7[[#This Row],[加入年]]) -> 1539 | L59: 0 | M59: 11 | P59: 加入
A60: C001-05 | B60: =VLOOKUP(A60,キャラマスタ[],2,FALSE) -> シャンクス | C60: G-003 | D60: =VLOOKUP(テーブル7[[#This Row],[勢力ID]],勢力マスタ[],2,FALSE) -> 赤髪海賊団 | E60: 大頭 | F60: 海賊 | G60: 11 | H60: 96 | K60: =IF(テーブル7[[#This Row],[加入年]]="","",1539+テーブル7[[#This Row],[加入年]]) -> 1539 | L60: 0 | M60: 11 | P60: 加入
A61: C011-13 | B61: =VLOOKUP(A61,キャラマスタ[],2,FALSE) -> スモーカー | C61: G-006 | D61: =VLOOKUP(テーブル7[[#This Row],[勢力ID]],勢力マスタ[],2,FALSE) -> 海軍 | E61: 海軍本部 | F61: 大佐 | G61: 11 | H61: 98 | K61: =IF(テーブル7[[#This Row],[加入年]]="","",1539+テーブル7[[#This Row],[加入年]]) -> 1539 | L61: 0 | M61: 11.2 | P61: 加入
A62: C011-15 | B62: =VLOOKUP(A62,キャラマスタ[],2,FALSE) -> たしぎ | C62: G-006 | D62: =VLOOKUP(テーブル7[[#This Row],[勢力ID]],勢力マスタ[],2,FALSE) -> 海軍 | E62: 海軍本部 | F62: 曹長 | G62: 11 | H62: 98 | K62: =IF(テーブル7[[#This Row],[加入年]]="","",1539+テーブル7[[#This Row],[加入年]]) -> 1539 | L62: 0 | M62: 11.2 | P62: 加入
A63: C045-01 | B63: =VLOOKUP(A63,キャラマスタ[],2,FALSE) -> モンキー・D・ガープ | C63: G-006 | D63: =VLOOKUP(テーブル7[[#This Row],[勢力ID]],勢力マスタ[],2,FALSE) -> 海軍 | E63: 海軍本部 | F63: 中将 | G63: 11 | H63: 92 | K63: =IF(テーブル7[[#This Row],[加入年]]="","",1539+テーブル7[[#This Row],[加入年]]) -> 1539 | L63: 0 | M63: 3 | P63: 加入
A64: C012-03 | B64: =VLOOKUP(A64,キャラマスタ[],2,FALSE) -> クロッカス | C64: G-008 | D64: =VLOOKUP(テーブル7[[#This Row],[勢力ID]],勢力マスタ[],2,FALSE) -> 無所属 | E64: 双子岬 | F64: 灯台守 | G64: 12 | H64: 103 | K64: =IF(テーブル7[[#This Row],[加入年]]="","",1539+テーブル7[[#This Row],[加入年]]) -> 1489 | L64: -50 | M64: -18250 | P64: 加入
A65: C012-01 | B65: =VLOOKUP(A65,キャラマスタ[],2,FALSE) -> モンキー・D・ドラゴン | C65: G-018 | D65: =VLOOKUP(テーブル7[[#This Row],[勢力ID]],勢力マスタ[],2,FALSE) -> 革命軍 | E65: 総司令官 | G65: 12 | H65: 100 | K65: =IF(テーブル7[[#This Row],[加入年]]="","",1539+テーブル7[[#This Row],[加入年]]) -> 1539 | L65: 0 | M65: 11.2 | P65: 加入
A66: C012-04 | B66: =VLOOKUP(A66,キャラマスタ[],2,FALSE) -> ミス・ウェンズデー | C66: G-019 | D66: =VLOOKUP(テーブル7[[#This Row],[勢力ID]],勢力マスタ[],2,FALSE) -> バロック・ワークス | E66: フロンティアエージェント | G66: 12 | H66: 107 | K66: =IF(テーブル7[[#This Row],[加入年]]="","",1539+テーブル7[[#This Row],[加入年]]) -> 1539 | L66: 0 | M66: 11.5 | P66: 加入
A67: C012-12 | B67: =VLOOKUP(A67,キャラマスタ[],2,FALSE) -> Mr.8 | C67: G-019 | D67: =VLOOKUP(テーブル7[[#This Row],[勢力ID]],勢力マスタ[],2,FALSE) -> バロック・ワークス | E67: フロンティアエージェント | G67: 12 | H67: 107 | K67: =IF(テーブル7[[#This Row],[加入年]]="","",1539+テーブル7[[#This Row],[加入年]]) -> 1539 | L67: 0 | M67: 11.5 | P67: 加入
A68: C013-02 | B68: =VLOOKUP(A68,キャラマスタ[],2,FALSE) -> Mr.5 | C68: G-019 | D68: =VLOOKUP(テーブル7[[#This Row],[勢力ID]],勢力マスタ[],2,FALSE) -> バロック・ワークス | E68: オフィサーエージェント | G68: 13 | H68: 110 | K68: =IF(テーブル7[[#This Row],[加入年]]="","",1539+テーブル7[[#This Row],[加入年]]) -> 1539 | L68: 0 | M68: 11.8 | P68: 加入
A69: C013-03 | B69: =VLOOKUP(A69,キャラマスタ[],2,FALSE) -> ミス・バレンタイン | C69: G-019 | D69: =VLOOKUP(テーブル7[[#This Row],[勢力ID]],勢力マスタ[],2,FALSE) -> バロック・ワークス | E69: オフィサーエージェント | G69: 13 | H69: 110 | K69: =IF(テーブル7[[#This Row],[加入年]]="","",1539+テーブル7[[#This Row],[加入年]]) -> 1539 | L69: 0 | M69: 11.8 | P69: 加入
A70: C013-05 | B70: =VLOOKUP(A70,キャラマスタ[],2,FALSE) -> ミス・オールサンデー | C70: G-019 | D70: =VLOOKUP(テーブル7[[#This Row],[勢力ID]],勢力マスタ[],2,FALSE) -> バロック・ワークス | E70: 副社長 | F70: 最高司令官 | G70: 13 | H70: 114 | K70: =IF(テーブル7[[#This Row],[加入年]]="","",1539+テーブル7[[#This Row],[加入年]]) -> 1539 | L70: 0 | M70: 11.8 | P70: 加入
A71: C013-11 | B71: =VLOOKUP(A71,キャラマスタ[],2,FALSE) -> Mr.3 | C71: G-019 | D71: =VLOOKUP(テーブル7[[#This Row],[勢力ID]],勢力マスタ[],2,FALSE) -> バロック・ワークス | E71: オフィサーエージェント | G71: 13 | H71: 117 | K71: =IF(テーブル7[[#This Row],[加入年]]="","",1539+テーブル7[[#This Row],[加入年]]) -> 1539 | L71: 0 | M71: 12 | P71: 加入
A72: C013-12 | B72: =VLOOKUP(A72,キャラマスタ[],2,FALSE) -> ミス・ゴールデンウィーク | C72: G-019 | D72: =VLOOKUP(テーブル7[[#This Row],[勢力ID]],勢力マスタ[],2,FALSE) -> バロック・ワークス | E72: オフィサーエージェント | G72: 13 | H72: 117 | K72: =IF(テーブル7[[#This Row],[加入年]]="","",1539+テーブル7[[#This Row],[加入年]]) -> 1539 | L72: 0 | M72: 12 | P72: 加入
B73: =VLOOKUP(A73,キャラマスタ[],2,FALSE) -> #N/A | D73: =VLOOKUP(テーブル7[[#This Row],[勢力ID]],勢力マスタ[],2,FALSE) -> #N/A | K73: =IF(テーブル7[[#This Row],[加入年]]="","",1539+テーブル7[[#This Row],[加入年]])
B74: =VLOOKUP(A74,キャラマスタ[],2,FALSE) -> #N/A | D74: =VLOOKUP(テーブル7[[#This Row],[勢力ID]],勢力マスタ[],2,FALSE) -> #N/A | K74: =IF(テーブル7[[#This Row],[加入年]]="","",1539+テーブル7[[#This Row],[加入年]])
B75: =VLOOKUP(A75,キャラマスタ[],2,FALSE) -> #N/A | D75: =VLOOKUP(テーブル7[[#This Row],[勢力ID]],勢力マスタ[],2,FALSE) -> #N/A | K75: =IF(テーブル7[[#This Row],[加入年]]="","",1539+テーブル7[[#This Row],[加入年]])
B76: =VLOOKUP(A76,キャラマスタ[],2,FALSE) -> #N/A | D76: =VLOOKUP(テーブル7[[#This Row],[勢力ID]],勢力マスタ[],2,FALSE) -> #N/A | K76: =IF(テーブル7[[#This Row],[加入年]]="","",1539+テーブル7[[#This Row],[加入年]])
B77: =VLOOKUP(A77,キャラマスタ[],2,FALSE) -> #N/A | D77: =VLOOKUP(テーブル7[[#This Row],[勢力ID]],勢力マスタ[],2,FALSE) -> #N/A | K77: =IF(テーブル7[[#This Row],[加入年]]="","",1539+テーブル7[[#This Row],[加入年]])

Sheet 悪魔の実ログ
A1: 実ID | B1: 実の名前 | C1: 系統 | D1: キャラID | E1: 能力者 | F1: 入手巻数 | G1: 入手話 | H1: 入手年 | I1: 死亡した時期
A2: F-001 | B2: =VLOOKUP(A2,悪魔の実マスタ[],2,FALSE) -> ゴムゴムの実 | C2: =VLOOKUP(A2,悪魔の実マスタ[],3,FALSE) -> 超人系 | D2: C001-01 | E2: =VLOOKUP(D2,キャラマスタ[],2,FALSE) -> モンキー・D・ルフィ | F2: 1 | G2: 1 | H2: -10
A3: F-002 | B3: =VLOOKUP(A3,悪魔の実マスタ[],2,FALSE) -> バラバラの実 | C3: =VLOOKUP(A3,悪魔の実マスタ[],3,FALSE) -> 超人系 | D3: C002-01 | E3: =VLOOKUP(D3,キャラマスタ[],2,FALSE) -> バギー | F3: 3 | G3: 19 | H3: -25
A4: F-003 | B4: =VLOOKUP(A4,悪魔の実マスタ[],2,FALSE) -> スベスベの実 | C4: =VLOOKUP(A4,悪魔の実マスタ[],3,FALSE) -> 超人系 | D4: C001-17 | E4: =VLOOKUP(D4,キャラマスタ[],2,FALSE) -> アルビダ | F4: 11 | G4: 98 | H4: 0
A5: F-004 | B5: =VLOOKUP(A5,悪魔の実マスタ[],2,FALSE) -> モクモクの実 | C5: =VLOOKUP(A5,悪魔の実マスタ[],3,FALSE) -> 自然系 | D5: C011-13 | E5: =VLOOKUP(D5,キャラマスタ[],2,FALSE) -> スモーカー | F5: 11 | G5: 99 | H5: 0
A6: F-005 | B6: =VLOOKUP(A6,悪魔の実マスタ[],2,FALSE) -> ボムボムの実 | C6: =VLOOKUP(A6,悪魔の実マスタ[],3,FALSE) -> 超人系 | D6: C013-02 | E6: =VLOOKUP(D6,キャラマスタ[],2,FALSE) -> Mr.5 | F6: 13 | G6: 110 | H6: 0
A7: F-006 | B7: =VLOOKUP(A7,悪魔の実マスタ[],2,FALSE) -> キロキロの実 | C7: =VLOOKUP(A7,悪魔の実マスタ[],3,FALSE) -> 超人系 | D7: C013-03 | E7: =VLOOKUP(D7,キャラマスタ[],2,FALSE) -> ミス・バレンタイン | F7: 13 | G7: 110 | H7: 0
A8: F-007 | B8: =VLOOKUP(A8,悪魔の実マスタ[],2,FALSE) -> ハナハナの実 | C8: =VLOOKUP(A8,悪魔の実マスタ[],3,FALSE) -> 超人系 | D8: C013-05 | E8: =VLOOKUP(D8,キャラマスタ[],2,FALSE) -> ミス・オールサンデー | F8: 13 | G8: 114 | H8: 0
A9: F-008 | B9: =VLOOKUP(A9,悪魔の実マスタ[],2,FALSE) -> ドルドルの実 | C9: =VLOOKUP(A9,悪魔の実マスタ[],3,FALSE) -> 超人系 | D9: C013-11 | E9: =VLOOKUP(D9,キャラマスタ[],2,FALSE) -> Mr.3 | F9: 13 | G9: 117 | H9: 0

Sheet 巻数対応表
A1: 巻数 | B1: 話数 | C1: エピソード名 | D1: サブエピソード | E1: 舞台（島） | F1: 開始年 | G1: 開始日 | H1: 時代区分
A2: 1 | B2: 1 | C2: 東の海 | D2: 冒険の夜明け | E2: フーシャ村 | F2: -10 | H2: 過去回想
A3: 1 | B3: 2 | C3: 東の海 | D3: 仲間探し | E3: ゴート島 | F3: 0 | G3: 1 | H3: 現代
A4: 1 | B4: 3 | C4: 東の海 | D4: VS.モーガン | E4: シェルズタウン | F4: 0 | G4: 1 | H4: 現代
A5: 1 | B5: 8 | C5: 東の海 | D5: VS.バギー海賊団 | E5: オレンジの町 | F5: 0 | G5: 1 | H5: 現代
A6: 3 | B6: 23 | C6: 東の海 | D6: VS.クロネコ海賊団 | E6: シロップ村 | F6: 0 | G6: 2 | H6: 現代
A7: 5 | B7: 43 | C7: 東の海 | D7: VS.クリーク海賊団 | E7: バラティエ | F7: 0 | G7: 5 | H7: 現代
A8: 8 | B8: 69 | C8: 東の海 | D8: VS.アーロン一味 | E8: アーロンパーク | F8: 0 | G8: 7.7 | H8: 現代
A9: 11 | B9: 96 | C9: 東の海 | D9: 伝説は始まった | E9: ローグタウン | F9: 0 | G9: 11 | H9: 現代
A10: 12 | B10: 101 | C10: アラバスタ | D10: 偉大なる航路突入 | E10: 双子岬 | F10: 0 | G10: 11.5 | H10: 現代
A11: 12 | B11: 106 | C11: アラバスタ | D11: ウイスキーピーク | E11: ウイスキーピーク | F11: 0 | G11: 11.7 | H11: 現代
A12: 13 | B12: 115 | C12: アラバスタ | D12: リトルガーデン | E12: リトルガーデン | F12: 0 | G12: 12 | H12: 現代

Sheet サブタイトルデータ
A1: 巻数 | B1: 話数 | C1: サブタイトル | D1: 短期集中表紙連載 | E1: 表紙中サブタイトル
A2: 1 | B2: 1 | C2: ROMANCE DAWN-冒険の夜明け-
A3: 1 | B3: 2 | C3: その男”麦わらのルフィ”
A4: 1 | B4: 3 | C4: ”海賊狩りのゾロ”登場
A5: 1 | B5: 4 | C5: 海軍大佐”斧手のモーガン”
A6: 1 | B6: 5 | C6: ”海賊王と大剣豪”
A7: 1 | B7: 6 | C7: ”１人目”
A8: 1 | B8: 7 | C8: ”友達”
A9: 1 | B9: 8 | C9: ”ナミ登場”
A10: 2 | B10: 9 | C10: ”魔性の女”
A11: 2 | B11: 10 | C11: ”酒場の一件”
A12: 2 | B12: 11 | C12: ”敗走”
A13: 2 | B13: 12 | C13: ”犬”
... A35: 4 | B35: 34 | C35: ”執事クラハドール”
A36: 4 | B36: 35 | C36: ”ネオ坂道” | D36: 短期集中表紙連載開始!! | E36: バギー一味のその後
A37: 5 | B37: 36 | C37: ”追え！！” | D37: バギー一味冒険記vol.2 | E37: モージとカバジ
A38: 5 | B38: 37 | C38: 海賊”百計のクロ” | D38: バギー一味冒険記vol.3 | E38: バギーの冒険
A39: 5 | B39: 38 | C39: ”海賊団”
A40: 5 | B40: 39 | C40: ”誰が為に鐘は鳴る” | D40: バギー一味冒険記vol.4 | E40: バギーと大鳥
A41: 5 | B41: 40 | C41: ”ウソップ海賊団” | D41: バギー一味冒険記vol.5 | E41: 知力戦
A42: 5 | B42: 41 | C42: ”海へ”
A43: 5 | B43: 42 | C43: ”ヨサクとジョニー” | D43: バギー一味冒険記vol.6 | E43: 空の旅パート2
A44: 5 | B44: 43 | C44: ”サンジ登場” | D44: バギー一味冒険記vol.7 | E44: 墜落珍獣の島
A45: 5 | B45: 44 | C45: ”三人のコック”
A46: 6 | B46: 45 | C46: ”嵐前”
A47: 6 | B47: 46 | C47: ”招かれざる客” | D47: バギー一味冒険記vol.8 | E47: 裁きの森の決斗
A48: 6 | B48: 47 | C48: 海賊艦隊提督”首領・クリーク” | D48: バギー一味冒険記vol.9 | E48: あんたも珍獣
A49: 6 | B49: 48 | C49: ”その航路、やめときな” | D49: バギー一味冒険記vol.10 | E49: 強敵（とも）との別れ
A50: 6 | B50: 49 | C50: ”嵐”
A51: 6 | B51: 50 | C51: ”己々が路” | D51: バギー一味冒険記vol.11 | E51: 強襲のカニ
A52: 6 | B52: 51 | C52: ”ロロノア・ゾロ海に散る” | D52: バギー一味冒険記vol.12 | E52: 謎の女海賊登場
A53: 6 | B53: 52 | C53: ”誓い”
A54: 6 | B54: 53 | C54: ”サバガシラ１号” | D54: バギー一味冒険記vol.13 | E54: 探し人
A55: 7 | B55: 54 | C55: ”パールさん” | D55: バギー一味冒険記vol.14 | E55: 海賊同盟
A56: 7 | B56: 55 | C56: ”JUNGLE BLOOD” | D56: バギー一味冒険記vol.15 | E56: おおキャプテン、我らが胸に
A57: 7 | B57: 56 | C57: ”やなこった”
A58: 7 | B58: 57 | C58: ”夢在るがゆえ” | D58: バギー一味冒険記vol.16 | E58: 次期船長決定戦
A59: 7 | B59: 58 | C59: ”クソジジイ” | D59: バギー一味冒険記vol.17 | E59: 激闘12時間
A60: 7 | B60: 59 | C60: ”恩” | D60: バギー一味冒険記vol.18 | E60: 炸裂!!”寝ボケリッチー”
A61: 7 | B61: 60 | C61: ”ケジメ” | D61: バギー一味冒険記vol.19 | E61: 結成!!リッチー海賊団
A62: 7 | B62: 61 | C62: ”鬼”
A63: 7 | B63: 62 | C63: ”M・H・５” | D63: リッチー一味冒険記vol.1 | E63: 島の先住民クマテ族
A64: 8 | B64: 63 | C64: ”死なねェよ” | D64: リッチー一味冒険記最終話 | E64: リッチー一味粉砕
A65: 8 | B65: 64 | C65: ”大戦槍”
A66: 8 | B66: 65 | C66: ”覚悟” | D66: バギー一味冒険記vol.20 | E66: 発見!!我が海賊船!!
A67: 8 | B67: 66 | C67: ”噛み殺した槍” | D67: バギー一味冒険記vol.21 | E67: 再開ーそんなバナナー
A68: 8 | B68: 67 | C68: ”soup" | D68: バギー一味冒険記vol.22 | E68: リッチーズ・オー・ヴァン（リッチー一味の赤ワイン煮込み）
A69: 8 | B69: 68 | C69: ”４人目” | D69: バギー一味冒険記vol.23 | E69: 不審なパーツ
A70: 8 | B70: 69 | C70: ”アーロンパーク”
A71: 8 | B71: 70 | C71: ”男ウソップ大冒険”
A72: 8 | B72: 71 | C72: ”万物の霊長” | D72: バギー一味冒険記vol.24 | E72: 暴れ出せパーツ!!
A73: 9 | B73: 72 | C73: ”分相応” | D73: バギー一味冒険記vol.25 | E73: 空の彼方に光る影
A74: 9 | B74: 73 | C74: ”偉大なる航路”から来た怪物 | D74: バギー一味冒険記vol.26 | E74: またせたな!!!野郎共!!!
A75: 9 | B75: 74 | C75: ”仕事”（ビジネス） | D75: バギー一味冒険記vol.27 | E75: パレード!!
A76: 9 | B76: 75 | C76: ”海図と魚人” | D76: バギー一味冒険記最終回 | E76: おおキャプテン我が船長よ!!
A77: 9 | B77: 76 | C77: ”ねる”
A78: 9 | B78: 77 | C78: ”夢の一歩”
A79: 9 | B79: 78 | C79: ”ベルメールさん”
A80: 9 | B80: 79 | C80: ”生きる”
A81: 9 | B81: 80 | C81: ”罪は罪”
A82: 9 | B82: 81 | C82: ”涙”
A83: 10 | B83: 82 | C83: ”OK,Let's STAND UP！”
A84: 10 | B84: 83 | C84: ”ルフィ IN BLACK” | D84: 短期集中表紙連載PART2 | E84: コビーとヘルメッポのその後
A85: 10 | B85: 84 | C85: ”ゾンビ” | D85: コビメッポ奮闘日記vol.2 | E85: 雑用雑用っ!!
A86: 10 | B86: 85 | C86: ”三刀流対六刀流” | D86: コビメッポ奮闘日記vol.3 | E86: 基地の外れで一休み
A87: 10 | B87: 86 | C87: ”騎士道VS魚人空手”
A88: 10 | B88: 87 | C88: ”終わったんだ!!” | D88: コビメッポ奮闘日記vol.4 | E88: 勉強勉強っ!!
A89: 10 | B89: 88 | C89: ”死んで!!!” | D89: コビメッポ奮闘日記vol.5 | E89: モーガン送検船の雑用
A90: 10 | B90: 89 | C90: ”交替” | D90: コビメッポ奮闘日記vol.6 | E90: 船の上の雑用雑用っ!
A91: 10 | B91: 90 | C91: ”何ができる” | D91: コビメッポ奮闘日記vol.7 | E91: 雑用雑……!!?
A92: 11 | B92: 91 | C92: ”DARTS” | D92: コビメッポ奮闘日記vol.8 | E92: 海軍本部中将ガープの船
A93: 11 | B93: 92 | C93: ”幸せ” | D93: コビメッポ奮闘日記vol.9 | E93: モーガンの引き渡し
A94: 11 | B94: 93 | C94: ”下へまいります” | D94: コビメッポ奮闘日記vol.10 | E94: 本部中将の油断
A95: 11 | B95: 94 | C95: ”２人目”
A96: 11 | B96: 95 | C96: ”まわれ風車” | D96: コビメッポ奮闘日記vol.11 | E96: まさかの人質ッポ
A97: 11 | B97: 96 | C97: ”東一番の悪” | D97: コビメッポ奮闘日記vol.12 | E97: モーガン逃走
A98: 11 | B98: 97 | C98: ”三代鬼徹” | D98: コビメッポ奮闘日記vol.13 | E98: 砲撃準備
A99: 11 | B99: 98 | C99: ”暗雲” | D99: コビメッポ奮闘日記vol.14 | E99: 砲撃阻止
A100: 11 | B100: 99 | C100: ”ルフィが死んだ” | D100: コビメッポ奮闘日記vol.15 | E100: 砲撃阻止阻止
A101: 12 | B101: 100 | C101: ”伝説は始まった”
A102: 12 | B102: 101 | C102: ”リヴァース・マウンテン” | D102: コビメッポ奮闘日記vol.16 | E102: 砲撃阻止阻止阻止
A103: 12 | B103: 102 | C103: ”さて、偉大なる航路（グランドライン）” | D103: コビメッポ奮闘日記vol.17 | E103: ヘルメッポの”ある”決意
A104: 12 | B104: 103 | C104: ”クジラ”
A105: 12 | B105: 104 | C105: ”約束の岬” | D105: コビメッポ奮闘日記vol.18 | E105: 中将ガープは油断しすぎ
A106: 12 | B106: 105 | C106: ”記録指針（ログポース）” | D106: コビメッポ奮闘日記vol.19 | E106: モーガン一人
A107: 12 | B107: 106 | C107: ”歓迎の町” | D107: コビメッポ奮闘日記vol.20 | E107: ヘルメッポの帰還
A108: 12 | B108: 107 | C108: ”月光と墓標”
A109: 12 | B109: 108 | C109: ”100人の賞金稼ぎ” | D109: コビメッポ奮闘日記vol.21 | E109: 謝罪
A110: 13 | B110: 109 | C110: ”責任問題” | D110: コビメッポ奮闘日記vol.22 | E110: 不甲斐なき我ら
A111: 13 | B111: 110 | C111: ”夜は終わらない” | D111: コビメッポ奮闘日記vol.23 | E111: ガープの発言5秒前
A112: 13 | B112: 111 | C112: ”秘密犯罪会社”
A113: 13 | B113: 112 | C113: ”ルフィVSゾロ” | D113: コビメッポ奮闘日記vol.24 | E113: この2人、わしが預かる
A114: 13 | B114: 113 | C114: ”大丈夫!!!” | D114: コビメッポ奮闘日記vol.25 | E114: コビメッポ海軍本部へ
A115: 13 | B115: 114 | C115: ”進路” | D115: コビメッポ奮闘日記vol.26 | E115: 海軍本部で雑用雑用っ!!
A116: 13 | B116: 115 | C116: ”冒険のリトルガーデン” | D116: コビメッポ奮闘日記vol.27 | E116: 寝る間も惜しんで特訓特訓っ!!
A117: 13 | B117: 116 | C117: ”でっけェ” | D117: コビメッポ奮闘日記vol.28 | E117: 毎日毎日特訓特訓っ!!
A118: 13 | B118: 117 | C118: ”ドリーとブロギー”
A119: 14 | B119: 118 | C119: ”誰かいる” | D119: コビメッポ奮闘日記vol.29 | E119: ちょっとお別れ
A120: 14 | B120: 119 | C120: ”姑息” | D120: コビメッポ奮闘日記最終話 | E120: 笑うガープとがんばる若者
A121: 14 | B121: 120 | C121: ”赤鬼が泣いた”
...

Sheet 座標変換シート
A1: 表示名 | B1: パワポの横cm | C1: パワポの縦cm | D1: X座標 | E1: Y座標 | F1: 備考
A2: =+場所マスタ[[#This Row],[表示名]] -> フーシャ村 | B2: 30.57 | C2: 1.72 | D2: =IF(B2="","",(B2-16.93)*50) -> 682 | E2: =IF(C2="","",(9.53-C2)*50) -> 390.5
A3: =+場所マスタ[[#This Row],[表示名]] -> フーシャ村近海 | B3: 30.52 | C3: 1.93 | D3: =IF(B3="","",(B3-16.93)*50) -> 679.5 | E3: =IF(C3="","",(9.53-C3)*50) -> 380
A4: =+場所マスタ[[#This Row],[表示名]] -> ゴート島 | B4: 29.58 | C4: 1.94 | D4: =IF(B4="","",(B4-16.93)*50) -> 632.5 | E4: =IF(C4="","",(9.53-C4)*50) -> 379.5
A5: =+場所マスタ[[#This Row],[表示名]] -> シェルズタウン | B5: 29.88 | C5: 1.02 | D5: =IF(B5="","",(B5-16.93)*50) -> 647.5 | E5: =IF(C5="","",(9.53-C5)*50) -> 425.5
A6: =+場所マスタ[[#This Row],[表示名]] -> シモツキ村 | B6: 30.82 | C6: 1.32 | D6: =IF(B6="","",(B6-16.93)*50) -> 694.5 | E6: =IF(C6="","",(9.53-C6)*50) -> 410.5
A7: =+場所マスタ[[#This Row],[表示名]] -> オレンジの町 | B7: 27.83 | C7: 2.68 | D7: =IF(B7="","",(B7-16.93)*50) -> 545 | E7: =IF(C7="","",(9.53-C7)*50) -> 342.5
A8: =+場所マスタ[[#This Row],[表示名]] -> 不明 | B8: 18.35 | C8: 0.97 | D8: =IF(B8="","",(B8-16.93)*50) -> 71 | E8: =IF(C8="","",(9.53-C8)*50) -> 428
A9: =+場所マスタ[[#This Row],[表示名]] -> シェルズタウン近海 | B9: 29.88 | C9: 1.39 | D9: =IF(B9="","",(B9-16.93)*50) -> 647.5 | E9: =IF(C9="","",(9.53-C9)*50) -> 407
A10: =+場所マスタ[[#This Row],[表示名]] -> 珍獣島 | B10: 26.67 | C10: 3.14 | D10: =IF(B10="","",(B10-16.93)*50) -> 487 | E10: =IF(C10="","",(9.53-C10)*50) -> 319.5
A11: =+場所マスタ[[#This Row],[表示名]] -> シロップ村 | B11: 25.43 | C11: 3.91 | D11: =IF(B11="","",(B11-16.93)*50) -> 425 | E11: =IF(C11="","",(9.53-C11)*50) -> 281
A12: =+場所マスタ[[#This Row],[表示名]] -> オレンジの町近海 | B12: 28.26 | C12: 2.95 | D12: =IF(B12="","",(B12-16.93)*50) -> 566.5 | E12: =IF(C12="","",(9.53-C12)*50) -> 329
A13: =+場所マスタ[[#This Row],[表示名]] -> シロップ村近海 | B13: 25.06 | C13: 4.26 | D13: =IF(B13="","",(B13-16.93)*50) -> 406.5 | E13: =IF(C13="","",(9.53-C13)*50) -> 263.5
... A16: =+場所マスタ[[#This Row],[表示名]] -> バラティエ近海 | B16: 25.96 | C16: 6 | D16: =IF(B16="","",(B16-16.93)*50) -> 451.5 | E16: =IF(C16="","",(9.53-C16)*50) -> 176.5
A17: =+場所マスタ[[#This Row],[表示名]] -> 先住民のいる島 | B17: 28.19 | C17: 1.86 | D17: =IF(B17="","",(B17-16.93)*50) -> 563 | E17: =IF(C17="","",(9.53-C17)*50) -> 383.5 | F17: 仮説
A18: =+場所マスタ[[#This Row],[表示名]] -> ココヤシ村 | B18: 23.63 | C18: 2.49 | D18: =IF(B18="","",(B18-16.93)*50) -> 335 | E18: =IF(C18="","",(9.53-C18)*50) -> 352
A19: =+場所マスタ[[#This Row],[表示名]] -> アーロンパーク | B19: 23.44 | C19: 2.42 | D19: =IF(B19="","",(B19-16.93)*50) -> 325.5 | E19: =IF(C19="","",(9.53-C19)*50) -> 355.5
A20: =+場所マスタ[[#This Row],[表示名]] -> ゴサの町 | B20: 23.82 | C20: 2.54 | D20: =IF(B20="","",(B20-16.93)*50) -> 344.5 | E20: =IF(C20="","",(9.53-C20)*50) -> 349.5
A21: =+場所マスタ[[#This Row],[表示名]] -> アーロンパーク近海 | B21: 24.03 | C21: 3.75 | D21: =IF(B21="","",(B21-16.93)*50) -> 355 | E21: =IF(C21="","",(9.53-C21)*50) -> 289
A22: =+場所マスタ[[#This Row],[表示名]] -> ローグタウン | B22: 20.13 | C22: 7.47 | D22: =IF(B22="","",(B22-16.93)*50) -> 160 | E22: =IF(C22="","",(9.53-C22)*50) -> 103
A23: =+場所マスタ[[#This Row],[表示名]] -> とある島 | B23: 26.95 | C23: 8.85 | D23: =IF(B23="","",(B23-16.93)*50) -> 501 | E23: =IF(C23="","",(9.53-C23)*50) -> 34
A24: =+場所マスタ[[#This Row],[表示名]] -> 東の海付近凪の帯 | B24: 19.31 | C24: 8.25 | D24: =IF(B24="","",(B24-16.93)*50) -> 119 | E24: =IF(C24="","",(9.53-C24)*50) -> 64
A25: =+場所マスタ[[#This Row],[表示名]] -> リヴァース・マウンテン | B25: 16.93 | C25: 9.53 | D25: =IF(B25="","",(B25-16.93)*50) -> 0 | E25: =IF(C25="","",(9.53-C25)*50) -> 0
A26: =+場所マスタ[[#This Row],[表示名]] -> 双子岬 | B26: 18.62 | C26: 9.97 | D26: =IF(B26="","",(B26-16.93)*50) -> 84.5 | E26: =IF(C26="","",(9.53-C26)*50) -> -22
A27: =+場所マスタ[[#This Row],[表示名]] -> ウイスキーピーク | B27: 19.53 | C27: 9.7 | D27: =IF(B27="","",(B27-16.93)*50) -> 130 | E27: =IF(C27="","",(9.53-C27)*50) -> -8.5
A28: =+場所マスタ[[#This Row],[表示名]] -> リトルガーデン | B28: 20.56 | C28: 9.49 | D28: =IF(B28="","",(B28-16.93)*50) -> 181.5 | E28: =IF(C28="","",(9.53-C28)*50) -> 2
A29: =+場所マスタ[[#This Row],[表示名]] -> キューカ島 | B29: 20.86 | C29: 10.17 | D29: =IF(B29="","",(B29-16.93)*50) -> 196.5 | E29: =IF(C29="","",(9.53-C29)*50) -> -32
A30: =+場所マスタ[[#This Row],[表示名]] -> 海軍本部 | B30: 30.62 | C30: 9.28 | D30: =IF(B30="","",(B30-16.93)*50) -> 684.5 | E30: =IF(C30="","",(9.53-C30)*50) -> 12.5
